breed,url,a_adaptability,a1_adapts_well_to_apartment_living,a2_good_for_novice_owners,a3_sensitivity_level,a4_tolerates_being_alone,a5_tolerates_cold_weather,a6_tolerates_hot_weather,b_all_around_friendliness,b1_affectionate_with_family,b2_incredibly_kid_friendly_dogs,b3_dog_friendly,b4_friendly_toward_strangers,c_health_grooming,c1_amount_of_shedding,c2_drooling_potential,c3_easy_to_groom,c4_general_health,c5_potential_for_weight_gain,c6_size,d_trainability,d1_easy_to_train,d2_intelligence,d3_potential_for_mouthiness,d4_prey_drive,d5_tendency_to_bark_or_howl,d6_wanderlust_potential,e_exercise_needs,e1_energy_level,e2_intensity,e3_exercise_needs,e4_potential_for_playfulness,breed_group,height,weight,life_span
Afador,https://dogtime.com/dog-breeds/afador,2,1,1,3,3,4,2,3,4,2,3,1,3,4,3,2,3,4,4,4,1,5,4,4,4,4,4,4,4,4,3,Mixed Breed Dogs,20 to 29 inches,50 to 75 pounds,10 to 12 years
Affenhuahua,https://dogtime.com/dog-breeds/affenhuahua,3,4,4,4,1,2,3,3,4,3,2,2,3,2,1,4,4,5,1,3,3,3,4,2,4,2,3,4,3,3,3,Mixed Breed Dogs,6 to 12 inches,4 to 12 pounds,13 to 18 years
Affenpinscher,https://dogtime.com/dog-breeds/affenpinscher,3,5,4,3,1,3,3,3,5,1,4,3,2,1,1,3,4,3,1,3,2,4,4,3,2,2,4,4,3,3,4,Companion Dogs,9 inches to 11 inches tall at the shoulder,7 to 9 pounds,12 to 14 years
Afghan Hound,https://dogtime.com/dog-breeds/afghan-hound,4,5,3,5,2,5,5,4,5,5,4,2,2,4,1,1,3,1,4,3,1,4,3,5,2,5,4,5,2,4,4,Hound Dogs,"2 feet to 2 feet, 4 inches tall at the shoulder",50 to 60 pounds,10 to 12 years
Airedale Terrier,https://dogtime.com/dog-breeds/airedale-terrier,2,1,2,3,2,3,3,4,4,4,4,3,3,2,1,2,3,4,3,5,4,5,5,5,4,4,5,5,3,5,5,Terrier Dogs,"1 foot, 9 inches to 1 foot, 11 inches tall at the shoulder",40 to 65 pounds,10 to 13 years
Akbash,https://dogtime.com/dog-breeds/akbash,3,1,2,3,4,4,2,4,5,4,3,2,4,4,2,3,4,4,4,3,3,4,3,1,3,1,2,2,2,2,3,Working Dogs,27 to 34 inches,75 to 140 pounds,10 to 12 years
Akita,https://dogtime.com/dog-breeds/akita,3,2,2,5,1,5,2,2,5,1,1,2,4,5,5,1,4,4,4,4,2,3,3,4,5,4,4,4,3,4,5,Working Dogs,"2 feet to 2 feet, 4 inches tall at the shoulder",70 to 130 pounds,10 to 12 years
Alaskan Klee Kai,https://dogtime.com/dog-breeds/alaskan-klee-kai,3,3,2,4,2,5,2,3,4,3,2,2,3,4,2,4,4,2,2,4,4,4,2,5,3,4,4,4,2,4,4,Companion Dogs,13 to 17 inches,10 to 15 pounds,12 to 16 years
Alaskan Malamute,https://dogtime.com/dog-breeds/alaskan-malamute,2,1,1,4,1,5,2,4,4,3,2,5,3,5,1,1,4,3,4,4,4,4,3,4,5,5,5,5,5,5,5,Working Dogs,"1 foot, 11 inches to 2 feet, 1 inch tall at the shoulder",75 to 100 pounds,12 to 15 years
American Bulldog,https://dogtime.com/dog-breeds/american-bulldog,2,1,1,4,1,2,2,3,5,4,2,2,3,1,4,4,3,2,4,3,4,3,2,4,2,3,4,4,4,4,4,Working Dogs,20 to 28 inches,60 to 120 pounds,10 to 16 years
American English Coonhound,https://dogtime.com/dog-breeds/american-english-coonhound,3,1,2,5,2,4,4,5,5,5,4,5,3,3,1,5,4,3,3,5,5,4,3,5,5,5,5,5,5,5,5,Hound Dogs,"1 foot, 11 inches to 2 feet, 2 inches tall at the shoulder",,10 to 12 years
American Eskimo Dog,https://dogtime.com/dog-breeds/american-eskimo-dog,4,5,4,4,2,5,3,5,5,5,5,4,3,5,1,3,5,4,2,4,5,4,3,3,4,3,4,5,3,4,5,Companion Dogs,"1 foot, 3 inches to 1 foot, 7 inches tall at the shoulder",Starts at 30 pounds,12 to 15 years
American Foxhound,https://dogtime.com/dog-breeds/american-foxhound,2,1,2,2,1,4,4,5,4,5,5,4,4,3,1,5,5,5,3,4,2,3,3,4,5,5,5,5,4,5,5,Hound Dogs,"1 foot, 9 inches to 2 feet, 1 inch tall at the shoulder",40 to 60 pounds,12 to 13 years
American Leopard Hound,https://dogtime.com/dog-breeds/american-leopard-hound,3,2,4,3,3,4,4,4,5,4,4,3,3,2,2,4,4,2,4,4,4,4,3,4,4,4,4,4,3,4,4,Hound Dogs,21 to 27 Inches.,35 to 75 pounds. ,12 to 15 years. 
American Pit Bull Terrier,https://dogtime.com/dog-breeds/american-pit-bull-terrier,3,3,2,4,1,2,3,4,5,5,1,5,3,4,1,5,4,3,3,4,4,4,5,3,3,4,5,4,5,4,5,Terrier Dogs,"1 foot, 5 inches to 1 foot, 7 inches tall at the shoulder",30 to 85 pounds,12 to 16 years
American Pugabull,https://dogtime.com/dog-breeds/american-pugabull,3,3,3,4,1,2,3,4,5,4,3,3,3,3,3,4,2,3,3,3,3,3,2,4,4,2,4,4,4,3,5,Mixed Breed Dogs,12 to 20 inches,25 to 70 pounds ,12 to 14 years 
American Staffordshire Terrier,https://dogtime.com/dog-breeds/american-staffordshire-terrier,2,2,2,3,2,2,3,4,4,4,2,4,3,2,3,4,3,2,3,4,4,4,5,3,4,3,4,3,5,3,4,Terrier Dogs,16 to 19 inches,40 to 60 pounds,10 to 15 years
American Water Spaniel,https://dogtime.com/dog-breeds/american-water-spaniel,3,2,2,5,1,2,4,4,5,5,2,3,3,3,1,3,3,3,3,4,4,3,5,2,3,5,4,5,2,5,5,Sporting Dogs,"1 foot, 3 inches to 1 foot, 6 inches tall at the shoulder",25 to 45 pounds,12 to 15 years
Anatolian Shepherd Dog,https://dogtime.com/dog-breeds/anatolian-shepherd-dog,3,1,2,4,3,5,3,2,3,2,2,1,3,2,3,4,3,3,5,3,4,4,2,2,2,4,3,3,3,3,3,Working Dogs,"2 feet, 3 inches to 2 feet, 5 inches tall at the shoulder",80 to 150 pounds,11 to 13 years
Appenzeller Sennenhunde,https://dogtime.com/dog-breeds/appenzeller-sennenhunde,3,1,3,3,1,5,4,4,5,5,3,2,3,3,1,5,4,3,3,4,4,4,5,3,5,3,4,4,4,5,4,Herding Dogs,"1 foot, 7 inches to 1 foot, 10 inches tall at the shoulder",48 to 55 pounds,9 to 12 years
Auggie,https://dogtime.com/dog-breeds/auggie,3,2,3,4,3,4,3,5,5,5,5,4,3,4,1,2,3,4,3,4,5,5,3,3,4,3,5,5,4,5,5,Mixed Breed Dogs,10 to 13 inches,20 to 30 pounds,12 to 15 years
Aussiedoodle,https://dogtime.com/dog-breeds/aussiedoodle,3,2,3,3,2,3,3,4,5,4,4,4,4,3,4,3,4,4,3,4,5,5,3,3,2,3,5,5,4,5,5,Mixed Breed Dogs,10 to 15 inches,25 to 70 pounds,10 to 13 years
Aussiepom,https://dogtime.com/dog-breeds/aussiepom,3,3,2,3,2,3,3,4,4,3,4,4,3,3,2,2,4,4,3,3,4,4,4,2,3,2,4,5,3,4,5,Mixed Breed Dogs,11 to 17 inches,10 to 30 pounds,12 to 15 years
Australian Cattle Dog,https://dogtime.com/dog-breeds/australian-cattle-dog,3,2,1,4,3,4,4,4,5,3,4,2,3,3,1,4,5,4,3,4,5,5,5,4,2,4,5,5,5,5,5,Herding Dogs,"1 foot, 5 inches to 1 foot, 8 inches tall at the shoulder",30 to 50 pounds,12 to 15 years
Australian Kelpie,https://dogtime.com/dog-breeds/australian-kelpie,3,2,2,4,2,3,5,3,4,2,3,2,3,3,1,4,3,2,3,5,5,5,5,4,4,4,4,5,3,5,4,Herding Dogs,15 to 20 inches,25 to 46 pounds,10 to 15 years
Australian Retriever,https://dogtime.com/dog-breeds/australian-retriever,3,1,4,3,2,4,4,4,4,4,3,3,3,3,2,3,4,4,4,3,4,4,2,3,2,4,4,5,3,5,4,Mixed Breed Dogs,19 to 23 inches,25 to 60 pounds,12 to 15 years
Australian Shepherd,https://dogtime.com/dog-breeds/australian-shepherd,3,1,2,5,2,4,4,4,5,4,5,3,2,3,1,1,2,4,3,5,5,5,4,4,4,5,5,5,4,5,5,Herding Dogs,"1 foot, 6 inches to 1 foot, 11 inches tall at the shoulder",40 to 65 pounds,12 to 15 years
Australian Shepherd Husky,https://dogtime.com/dog-breeds/australian-shepherd-husky,3,1,2,4,1,5,4,3,5,3,2,2,3,4,2,3,3,4,4,4,4,5,3,4,5,5,5,5,5,5,5,Mixed Breed Dogs,18 to 25 inches,40 to 65 pounds,12 to 15 years
Australian Shepherd Lab Mix,https://dogtime.com/dog-breeds/australian-shepherd-lab-mix,4,2,2,5,4,5,4,4,4,4,4,4,4,4,2,4,4,3,4,4,5,5,4,3,3,5,5,5,5,5,5,Mixed Breed Dogs,22 to 25 inches ,40 to 80 pounds,12 to 15 years 
Australian Shepherd Pit Bull Mix,https://dogtime.com/dog-breeds/australian-shepherd-pit-bull-mix,3,2,3,3,2,3,3,4,4,4,3,3,4,4,2,3,4,5,4,3,4,4,3,4,2,3,4,4,3,4,4,Mixed Breed Dogs,17 to 23 inches,30 to 85 pounds,10 to 16 years
Australian Terrier,https://dogtime.com/dog-breeds/australian-terrier,3,5,3,2,2,3,4,3,4,3,2,3,3,1,1,5,5,3,1,4,3,4,1,5,5,4,5,5,5,4,5,Terrier Dogs,10 inches to 11 inches tall at the shoulder,14 to 16 pounds,Up to 15 years
Azawakh,https://dogtime.com/dog-breeds/azawakh,3,5,2,3,3,1,5,3,4,2,3,2,3,3,1,5,3,3,3,3,3,3,3,4,1,2,3,3,2,4,3,Hound Dogs,"1 foot, 11 inches to 2 feet, 5 inches tall at the shoulder",33 to 55 pounds,12 to 15 years
Barbet,https://dogtime.com/dog-breeds/barbet,3,3,2,3,1,4,4,4,5,4,4,3,2,2,1,1,4,3,3,3,4,4,2,3,3,3,4,5,3,3,4,Sporting Dogs,"1 foot, 8 inches to 2 feet, 1 inch tall at the shoulder",37 to 62 pounds,13 to 15 years
Basenji,https://dogtime.com/dog-breeds/basenji,4,5,4,3,4,1,4,5,5,5,4,5,3,1,5,5,2,2,2,4,1,4,5,5,1,5,3,5,1,5,2,Hound Dogs,"1 foot, 4 inches to 1 foot, 5 inches tall at the shoulder",22 to 24 pounds,10 to 12 years
Bassador,https://dogtime.com/dog-breeds/bassador,3,2,2,3,3,4,4,3,3,3,3,3,4,5,4,3,3,3,4,3,2,3,2,4,3,3,3,3,2,4,3,Mixed Breed Dogs,13 to 20 inches,45 to 70 pounds,10 to 12 years
Basset Fauve de Bretagne,https://dogtime.com/dog-breeds/basset-fauve-de-bretagne,3,4,4,3,3,3,1,4,5,4,4,3,3,2,1,4,5,1,2,3,3,5,3,3,2,1,3,4,2,4,3,Hound Dogs,12 to 15 inches. ,25 to 35 pounds. ,12 to 15 years. 
Basset Hound,https://dogtime.com/dog-breeds/basset-hound,3,5,4,4,3,2,2,5,5,5,5,5,4,4,4,5,1,5,2,4,2,4,3,5,4,5,2,2,2,2,2,Hound Dogs,"Up to 1 foot, 2 inches tall at the shoulder",50 to 65 pounds,10 to 12 years
Basset Retriever,https://dogtime.com/dog-breeds/basset-retriever,3,3,3,2,2,4,4,4,4,4,3,4,3,2,2,4,4,4,3,4,4,5,3,5,2,4,4,4,2,4,4,Mixed Breed Dogs,10 to 14 inches,40 to 70 pounds,10 to 12 years
Bavarian Mountain Scent Hound,https://dogtime.com/dog-breeds/bavarian-mountain-scent-hound,2,2,3,2,2,2,3,4,5,4,3,2,3,1,2,3,4,2,3,3,3,4,2,4,2,2,4,4,2,4,4,Hound Dogs,17 to 20 inches.,44 to 55 pounds. ,10 to 14 years. 
Beabull,https://dogtime.com/dog-breeds/beabull,3,4,3,4,4,2,2,4,5,5,4,3,4,4,3,5,3,4,3,4,3,3,4,4,4,4,4,3,4,3,5,Mixed Breed Dogs,12 to 16 inches,30 to 60 pounds,10 to 13 years
Beagle,https://dogtime.com/dog-breeds/beagle,3,4,3,4,1,2,4,5,5,5,5,5,3,3,1,4,1,5,2,4,1,4,3,5,5,5,5,4,5,4,5,Hound Dogs,"1 foot, 1 inch to 1 foot, 3 inches tall at the shoulder",18 to 30 pounds,10 to 15 years
Beaglier,https://dogtime.com/dog-breeds/beaglier,3,5,4,4,1,2,3,5,5,5,5,5,3,3,1,4,2,5,2,3,2,4,3,3,4,4,4,3,3,4,5,Mixed Breed Dogs,12 to 16 inches ,10 to 20 pounds,10 to 15 years 
Bearded Collie,https://dogtime.com/dog-breeds/bearded-collie,3,3,4,4,2,4,3,5,5,4,5,4,3,4,1,2,3,4,3,4,5,4,3,3,3,5,4,4,4,4,5,Herding Dogs,"1 foot, 8 inches to 1 foot, 10 inches tall at the shoulder",45 to 55 pounds,12 to 14 years
Bedlington Terrier,https://dogtime.com/dog-breeds/bedlington-terrier,4,4,4,3,3,4,3,5,5,4,4,5,3,5,1,1,4,3,3,4,3,5,4,5,3,4,4,4,2,4,5,Terrier Dogs,"1 foot, 3 inches to 1 foot, 4 inches tall at the shoulder",17 to 23 pounds,14 to 16 years
Belgian Malinois,https://dogtime.com/dog-breeds/belgian-malinois,3,1,3,5,3,4,4,4,5,4,2,3,3,2,1,5,4,2,4,4,5,5,3,4,2,3,5,5,4,5,5,Herding Dogs,22 inches to 26 inches tall at the shoulder,40 to 80 pounds,12 to 14 years
Belgian Sheepdog,https://dogtime.com/dog-breeds/belgian-sheepdog,4,3,3,5,3,4,3,5,4,5,5,4,3,5,1,3,3,2,4,4,5,5,2,5,1,4,5,5,3,5,5,Herding Dogs,"1 foot, 10 inches to 2 feet, 2 inches tall at the shoulder",60 to 75 pounds,10 to 12 years
Belgian Tervuren,https://dogtime.com/dog-breeds/belgian-tervuren,3,3,3,5,1,4,3,3,4,3,3,3,3,4,1,3,3,2,4,4,5,5,2,2,5,4,4,5,3,4,5,Herding Dogs,"1 foot, 9 inches to 2 feet, 2 inches tall at the shoulder",40 to 70 pounds,10 to 12 years
Berger Picard,https://dogtime.com/dog-breeds/berger-picard,4,3,4,5,3,4,3,4,5,5,3,2,4,4,1,5,5,3,4,3,4,4,2,3,2,2,5,5,3,5,5,Herding Dogs,"1 foot, 9 inches to 2 feet, 1 inch tall at the shoulder",50 to 70 pounds,13 to 14 years
Bernedoodle,https://dogtime.com/dog-breeds/bernedoodle,3,3,3,4,2,5,3,4,5,5,4,3,3,1,2,3,4,3,3,4,4,5,4,3,3,3,4,4,3,3,5,Mixed Breed Dogs,"From 10 to 29 inches tall at the shoulder, as sizes vary from tiny to standard",From 10 to 90 pounds,12 to 18 years. Tiny Bernedoodles tend to live longer than standard.
Bernese Mountain Dog,https://dogtime.com/dog-breeds/bernese-mountain-dog,2,1,2,4,1,5,1,5,5,5,3,5,4,5,4,3,1,4,5,4,4,4,5,5,4,3,4,4,3,3,4,Working Dogs,23 to 28 inches,70 to 115 pounds,6 to 10 years
Bichon Frise,https://dogtime.com/dog-breeds/bichon-frise,4,5,5,5,1,3,4,5,5,4,4,5,2,2,1,1,4,4,2,3,5,4,3,4,2,2,4,5,3,3,5,Companion Dogs,9 inches to 11 inches tall at the shoulder,7 to 12 pounds,12 to 15 years
Biewer Terrier,https://dogtime.com/dog-breeds/biewer-terrier,3,5,3,3,3,2,3,4,5,4,3,3,2,1,1,4,4,3,1,3,3,4,3,1,3,1,4,5,3,3,4,Terrier Dogs,7 to 11 inches,4 to 8 pounds,12 to 15 years
Black and Tan Coonhound,https://dogtime.com/dog-breeds/black-and-tan-coonhound,3,1,2,3,2,4,4,5,5,5,5,5,4,5,3,4,5,5,3,4,2,5,1,5,5,5,5,5,5,5,5,Hound Dogs,"1 foot, 11 inches to 2 feet, 3 inches tall at the shoulder",75 to 100 pounds,10 to 12 years
Black Mouth Cur,https://dogtime.com/dog-breeds/black-mouth-cur,3,1,2,4,2,3,3,4,5,5,3,3,3,3,2,5,4,2,4,4,3,4,3,5,4,4,4,4,3,5,4,Working Dogs,16 to 25 inches,40 to 95 pounds,12 to 18 years
Black Russian Terrier,https://dogtime.com/dog-breeds/black-russian-terrier,3,3,2,4,1,4,3,4,5,5,2,3,3,2,3,2,3,3,5,4,4,4,4,3,3,3,5,4,5,4,5,Working Dogs,26 to 28 inches at the shoulder,80 to 140 pounds,10 to 11 years
Bloodhound,https://dogtime.com/dog-breeds/bloodhound,3,1,2,4,2,3,3,5,5,5,5,5,3,4,5,1,3,3,4,4,3,4,5,3,4,5,4,5,4,5,3,Hound Dogs,"1 foot, 11 inches to 2 feet, 3 inches tall at the shoulder",80 to 110 pounds,11 to 15 years
Blue Lacy,https://dogtime.com/dog-breeds/blue-lacy,3,1,1,4,2,4,5,3,4,3,2,2,3,3,2,5,4,2,3,5,5,5,4,5,5,4,5,5,5,5,4,Working Dogs,17 to 25 inches,25 to 50 pounds,12 to 16 years
Bluetick Coonhound,https://dogtime.com/dog-breeds/bluetick-coonhound,3,2,2,5,2,3,3,4,5,5,3,3,3,2,2,5,4,3,3,4,2,4,3,4,4,5,5,5,4,5,5,Hound Dogs,"1 foot, 11 inches to 2 feet, 6 inches tall at the shoulder",45 to 100 pounds,10 to 12 years
Bocker,https://dogtime.com/dog-breeds/bocker,4,5,3,5,1,3,4,4,5,4,4,4,3,3,1,3,3,4,2,5,4,4,4,5,5,5,4,4,3,4,4,Mixed Breed Dogs,12 to 15 inches ,20 to 30 pounds ,12 to 15 years 
Boerboel,https://dogtime.com/dog-breeds/boerboel,2,1,1,3,2,3,4,3,4,4,2,2,4,3,4,4,4,3,5,3,2,4,3,3,3,4,4,3,4,4,4,Working Dogs,22 to 28 inches,110 to 200 pounds,10 to 12 years
Boglen Terrier,https://dogtime.com/dog-breeds/boglen-terrier,3,4,4,4,2,2,3,5,5,5,5,5,3,2,1,4,3,3,2,4,2,2,4,4,4,5,5,4,5,4,5,Mixed Breed Dogs,12 to 17 inches ,10 to 40 pounds,10 to 15 years 
Bolognese,https://dogtime.com/dog-breeds/bolognese,3,5,3,5,2,2,3,5,5,5,5,5,2,1,1,1,5,3,1,4,5,4,4,5,4,1,3,3,3,4,3,Companion Dogs,9 inches to 1 foot tall at the shoulder,8 to 14 pounds,12 to 14 years
Borador,https://dogtime.com/dog-breeds/borador,3,3,3,2,2,3,3,4,5,4,4,4,4,4,3,3,3,4,4,3,4,5,3,3,2,3,4,4,3,4,5,Hybrid Dogs,19 to 24 inches,40 to 65 pounds,10 to 15 years
Border Collie,https://dogtime.com/dog-breeds/border-collie,3,2,2,5,1,4,4,4,5,4,3,5,3,3,1,3,2,3,3,4,5,5,3,3,2,3,5,5,3,5,5,Herding Dogs,"1 foot, 6 inches to 1 foot, 10 inches tall at the shoulder",30 to 45 pounds,12 to 15 years
Border Sheepdog,https://dogtime.com/dog-breeds/border-sheepdog,3,2,3,2,2,4,2,4,5,4,3,3,3,3,1,3,4,2,3,4,4,5,4,3,4,2,4,5,3,5,4,Mixed Breed Dogs,16 to 22 inches,25 to 45 pounds,12 to 15 years
Border Terrier,https://dogtime.com/dog-breeds/border-terrier,3,4,3,3,1,4,3,4,5,4,2,5,3,3,1,2,4,5,2,4,3,5,5,5,1,4,5,4,4,5,5,Terrier Dogs,10 inches to 11 inches tall at the shoulder,11 to 15 pounds,12 to 15 years
Bordoodle,https://dogtime.com/dog-breeds/bordoodle,4,4,4,3,3,4,4,4,4,5,3,2,3,2,2,4,4,3,3,3,4,5,3,2,2,3,3,3,2,3,4,Mixed Breed Dogs,12 to 22 inches,30 to 60 pounds,12 to 15 years
Borzoi,https://dogtime.com/dog-breeds/borzoi,4,5,3,5,1,4,3,4,4,3,4,4,4,5,1,4,4,2,5,4,3,4,3,5,2,4,2,2,2,2,3,Hound Dogs,"2 feet, 2 inches to 2 feet, 8 inches tall at the shoulder",55 to 105 pounds,10 to 12 years
BoShih,https://dogtime.com/dog-breeds/boshih,3,5,4,3,1,2,2,3,4,2,3,4,3,2,1,5,3,3,2,2,2,3,1,1,2,2,3,3,2,3,5,Mixed Breed Dogs,12 to 15 inches ,10 to 20 pounds,12 to 15 years 
Bossie,https://dogtime.com/dog-breeds/bossie,3,2,2,3,5,3,3,4,4,4,4,4,3,2,1,3,3,3,3,4,4,4,3,3,3,5,5,4,4,5,5,Mixed Breed Dogs,15 to 23 inches,25 to 40 pounds,12 to 15 years 
Boston Boxer,https://dogtime.com/dog-breeds/boston-boxer,3,4,3,3,2,3,3,4,4,4,4,2,4,3,3,4,4,4,3,3,3,4,3,3,3,2,4,4,3,4,5,Mixed Breed Dogs,15 to 23 inches,22 to 55 pounds,12 to 15 years
Boston Terrier,https://dogtime.com/dog-breeds/boston-terrier,4,5,4,5,3,3,2,5,4,5,5,4,3,2,1,5,4,3,2,3,4,4,2,2,3,5,5,4,5,4,5,Companion Dogs,"1 foot to 1 foot, 3 inches tall at the shoulder",10 to 25 pounds,13 to 15 years
Bouvier des Flandres,https://dogtime.com/dog-breeds/bouvier-des-flandres,3,3,2,4,2,4,2,4,5,5,2,2,3,1,1,2,3,4,4,3,5,4,2,2,4,2,4,4,5,4,4,Herding Dogs,"1 foot, 11 inches to 2 feet, 4 inches tall at the shoulder",70 to 100 pounds,10 to 12 years
Boxador,https://dogtime.com/dog-breeds/boxador,2,2,2,3,1,2,2,4,5,4,4,4,4,4,2,5,2,4,4,4,5,5,3,2,3,3,5,5,5,5,5,Mixed Breed Dogs,23 to 25 inches,50 to 110 pounds,12 to 15 years
Boxer,https://dogtime.com/dog-breeds/boxer,3,4,3,4,1,2,1,4,5,4,3,4,3,4,2,5,2,4,3,3,4,4,2,3,3,3,5,5,5,5,5,Working Dogs,21 to 25 inches at the shoulder,60 to 70 pounds,10 to 12 years
Boxerdoodle,https://dogtime.com/dog-breeds/boxerdoodle,3,1,3,3,2,3,3,4,4,3,4,3,3,2,2,3,3,4,3,3,4,4,2,3,2,4,4,4,4,4,5,Mixed Breed Dogs,10 to 25 inches,12 to 70 pounds,10 to 12 years
Boxmatian,https://dogtime.com/dog-breeds/boxmatian,2,1,2,3,2,2,4,3,4,3,2,1,4,3,2,3,5,4,5,4,3,4,4,3,3,4,5,5,4,5,4,Mixed Breed Dogs,19 to 25 inches,50 to 90 pounds,10 to 13 years
Boxweiler,https://dogtime.com/dog-breeds/boxweiler,3,2,3,4,2,3,2,4,5,4,4,2,3,3,2,3,3,4,4,3,4,4,2,2,3,1,4,4,3,4,4,Mixed Breed Dogs,21 to 27 inches,70 to 100 pounds,8 to 13 years
Boykin Spaniel,https://dogtime.com/dog-breeds/boykin-spaniel,3,1,3,4,3,3,4,4,5,5,4,3,3,4,1,1,2,4,3,4,4,4,4,2,3,4,5,5,5,5,4,Sporting Dogs,"1 foot, 2 inches to 1 foot, 6 inches tall at the shoulder",25 to 40 pounds,10 to 12 years
Bracco Italiano,https://dogtime.com/dog-breeds/bracco-italiano,3,1,2,4,3,3,3,4,5,4,5,3,3,3,2,5,2,3,4,3,3,4,2,5,2,3,4,4,4,5,4,Sporting Dogs,22 to 26 inches,55 to 90 pounds,10 to 14 years
Braque du Bourbonnais,https://dogtime.com/dog-breeds/braque-du-bourbonnais,2,1,3,3,2,2,3,4,5,4,4,4,3,2,1,4,4,1,3,3,4,4,3,4,3,2,4,5,2,5,3,Working Dogs,18 to 23 inches.,35 to 55 pounds.,12 to 15 years. 
Briard,https://dogtime.com/dog-breeds/briard,3,3,3,4,3,4,3,4,4,5,5,2,2,1,1,1,3,3,4,4,4,4,2,3,4,5,4,4,4,4,4,Herding Dogs,"1 foot, 10 inches to 2 feet, 3 inches tall at the shoulder",70 to 100 pounds,10 to 12 years
Brittany,https://dogtime.com/dog-breeds/brittany,3,1,3,5,1,4,3,5,5,5,5,4,4,3,5,3,4,3,3,4,3,5,3,5,3,4,5,5,3,5,5,Sporting Dogs,"1 foot, 5 inches to 1 foot, 8 inches tall at the shoulder",30 to 40 pounds,10 to 13 years
Broholmer,https://dogtime.com/dog-breeds/broholmer,3,2,4,3,3,3,3,4,5,4,3,3,4,3,2,4,4,3,5,3,4,4,3,2,3,2,3,3,3,3,3,Companion Dogs,22 to 30 inches.,90 to 150 pounds. ,8 to 12 years. 
Brussels Griffon,https://dogtime.com/dog-breeds/brussels-griffon,3,5,2,5,1,1,2,4,5,4,4,3,3,3,3,3,3,3,1,3,3,4,3,1,4,5,4,5,3,4,5,Companion Dogs,7 inches to 8 inches tall at the shoulder,7 to 12 pounds,12 to 15 years
Bugg,https://dogtime.com/dog-breeds/bugg,3,5,4,3,2,2,3,3,4,3,2,3,3,2,2,4,4,4,2,3,3,4,4,3,4,2,3,4,3,2,4,Mixed Breed Dogs,14 to 18 inches,10 to 25 pounds,10 to 15 years
Bull-Pei,https://dogtime.com/dog-breeds/bull-pei,2,4,2,3,3,1,1,2,3,2,2,2,4,4,3,4,3,4,3,2,3,2,4,2,2,1,2,2,2,2,2,Mixed Breed Dogs,16 to 18 inches,35 to 65 pounds ,9 to 11 years 
Bull Terrier,https://dogtime.com/dog-breeds/bull-terrier,3,4,4,5,2,1,4,5,5,5,4,5,3,3,1,5,4,5,2,4,5,4,4,4,1,5,5,4,5,5,5,Terrier Dogs,"1 foot, 9 inches to 1 foot, 10 inches tall at the shoulder",35 to 75 pounds,10 to 15 years
Bullador,https://dogtime.com/dog-breeds/bullador,2,2,2,4,2,2,2,4,4,4,4,4,4,4,4,4,3,5,4,4,4,4,2,4,4,3,4,4,4,4,4,Mixed Breed Dogs,17 to 20 inches ,50 to 90 pounds,10 to 12 years 
Bullboxer Pit,https://dogtime.com/dog-breeds/bullboxer-pit,2,1,2,3,2,2,2,3,4,4,2,2,4,4,4,4,4,4,3,4,2,4,4,5,4,3,5,5,5,5,4,Mixed Breed Dogs,16 to 20 inches,50 to 80 pounds,10 to 14 years
Bulldog,https://dogtime.com/dog-breeds/bulldog,3,5,4,4,3,1,1,4,5,4,2,5,4,3,5,5,4,5,2,2,3,2,2,2,4,1,3,2,3,3,4,Companion Dogs,"1 foot to 1 foot, 3 inches tall at the shoulder",40 to 50 pounds,8 to 12 years
Bullmastiff,https://dogtime.com/dog-breeds/bullmastiff,3,3,2,4,2,4,2,4,5,5,4,3,4,1,5,5,2,5,5,3,3,3,3,3,4,3,4,2,4,3,5,Working Dogs,24 to 27 inches at the shoulder,100 to 130 pounds,8 to 10 years
Bullmatian,https://dogtime.com/dog-breeds/bullmatian,2,2,1,3,3,2,2,4,4,5,4,3,3,2,3,4,4,4,3,3,1,4,3,3,2,3,4,5,4,4,4,Mixed Breed Dogs,11 to 24 inches,41 to 65 pounds,8 to 12 years
Cairn Terrier,https://dogtime.com/dog-breeds/cairn-terrier,4,5,4,3,1,4,4,5,5,5,4,4,3,3,1,5,4,3,1,4,2,5,3,4,4,3,5,5,4,4,5,Terrier Dogs,9 inches to 10 inches tall at the shoulder,13 to 14 pounds,12 to 15 years
Canaan Dog,https://dogtime.com/dog-breeds/canaan-dog,4,4,4,4,3,3,5,3,4,2,3,2,3,4,1,5,5,2,3,3,5,4,3,3,3,2,4,4,3,3,4,Herding Dogs,"1 foot, 7 inches to 2 feet tall at the shoulder",35 to 55 pounds,12 to 15 years
Cane Corso,https://dogtime.com/dog-breeds/cane-corso,2,1,1,3,1,3,4,3,4,2,3,2,4,3,4,5,3,4,4,4,4,5,2,5,3,2,4,4,3,5,2,Working Dogs,"1 foot, 11 inches to 2 feet, 3 inches tall at the shoulder",90 to 120 pounds,10 to 12 years
Cardigan Welsh Corgi,https://dogtime.com/dog-breeds/cardigan-welsh-corgi,4,4,4,4,3,4,3,4,5,4,3,3,3,4,1,3,4,4,2,3,4,5,2,4,2,3,3,3,3,3,4,Herding Dogs,10 inches to 1 foot tall at the shoulder,25 to 38 pounds,12 to 15 years
Catahoula Bulldog,https://dogtime.com/dog-breeds/catahoula-bulldog,2,1,1,2,3,1,5,3,4,3,2,1,3,1,1,5,4,3,4,3,2,3,4,5,3,3,5,5,5,5,4,Mixed Breed Dogs,24 to 26 inches,75 to 100 pounds,10 to 14 years
Catahoula Leopard Dog,https://dogtime.com/dog-breeds/catahoula-leopard-dog,2,1,1,2,2,3,3,3,5,3,1,1,3,3,1,5,3,3,4,3,2,3,3,1,3,3,4,4,3,5,2,Herding Dogs,"1 foot, 8 inches to 2 feet, 2 inches tall at the shoulder",50 to 90 pounds,10 to 14 years
Caucasian Shepherd Dog,https://dogtime.com/dog-breeds/caucasian-shepherd-dog,3,2,1,2,3,5,2,3,4,2,2,2,4,4,4,2,3,4,5,3,2,4,4,3,3,2,3,2,4,2,3,Working Dogs,24 to 34 inches,80 to 220 pounds,10 to 12 years
Cav-a-Jack,https://dogtime.com/dog-breeds/cav-a-jack,3,4,4,3,1,3,3,4,4,4,4,4,3,2,2,4,3,4,2,4,4,4,3,4,3,3,4,4,3,4,5,Mixed Breed Dogs,10 to 17 inches,13 to 18 pounds,12 to 17 years
Cavachon,https://dogtime.com/dog-breeds/cavachon,4,5,5,5,1,3,3,5,5,5,5,5,3,2,1,2,4,4,2,3,4,4,3,4,3,2,4,4,3,4,5,Mixed Breed Dogs,12 to 13 inches ,15 to 35 pounds ,10 to 15 years 
Cavador,https://dogtime.com/dog-breeds/cavador,3,3,5,4,2,3,3,4,5,5,4,3,3,3,2,4,4,4,3,3,4,4,2,3,3,3,4,4,3,4,5,Mixed Breed Dogs,18 to 24 inches,22 to 55 pounds,10 to 14 years
Cavalier King Charles Spaniel,https://dogtime.com/dog-breeds/cavalier-king-charles-spaniel,4,5,5,5,1,3,2,5,5,5,5,5,3,3,1,4,4,4,2,3,4,4,3,3,3,2,4,3,2,4,5,Companion Dogs,12 to 13 inches at the shoulder,13 to 18 pounds,9 to 15 years
Cavapoo,https://dogtime.com/dog-breeds/cavapoo,3,3,3,3,2,4,3,5,5,5,4,4,3,2,1,3,3,4,2,3,4,4,3,3,2,3,3,3,2,3,5,Mixed Breed Dogs,9 to 14 inches,9 to 25 pounds,12 to 15 years
Cesky Terrier,https://dogtime.com/dog-breeds/cesky-terrier,4,5,4,4,3,3,3,3,5,3,2,3,3,1,1,4,5,4,2,3,4,3,3,2,3,3,3,2,3,3,5,Terrier Dogs,"10 inches to 1 foot, 1 inch tall at the shoulder",13 to 30 pounds,10 to 15 years
Chabrador,https://dogtime.com/dog-breeds/chabrador,3,4,2,4,3,4,1,3,4,4,2,2,4,4,3,4,4,3,3,3,2,4,4,4,3,3,4,3,4,3,4,Mixed Breed Dogs,18 to 24 inches,45 to 80 pounds,9 to 13 years
Cheagle,https://dogtime.com/dog-breeds/cheagle,3,4,4,4,1,1,2,3,5,3,3,2,3,3,1,5,3,4,2,3,2,4,3,4,4,3,4,4,4,3,4,Mixed Breed Dogs,9 to 14 inches ,9 to 20 pounds ,10 to 14 years 
Chesapeake Bay Retriever,https://dogtime.com/dog-breeds/chesapeake-bay-retriever,3,1,1,3,2,4,4,3,5,3,1,1,4,5,3,5,4,4,3,3,3,4,3,3,3,4,5,5,5,5,4,Sporting Dogs,"1 foot, 9 inches to 2 feet, 2 inches tall at the shoulder",55 to 80 pounds,10 to 12 years
Chi Chi,https://dogtime.com/dog-breeds/chi-chi,3,4,2,4,2,2,3,3,3,3,2,3,3,2,1,4,4,4,2,3,3,4,3,3,4,2,4,4,4,3,4,Mixed Breed Dogs,5 to 12 inches,4 to 11 pounds,11 to 20 years
Chi-Poo,https://dogtime.com/dog-breeds/chi-poo,4,5,5,5,4,2,3,4,5,5,3,3,2,2,1,3,2,3,2,4,5,5,3,3,3,3,3,3,2,2,4,Mixed Breed Dogs,5 to 15 inches ,5 to 20 pounds ,12 to 15 years 
Chigi,https://dogtime.com/dog-breeds/chigi,3,3,4,5,2,3,2,4,5,5,2,2,3,4,1,5,3,3,1,3,4,4,2,3,2,3,4,4,4,4,4,Mixed Breed Dogs,7 to 12 inches,10 to 20 pounds,12 to 14 years 
Chihuahua,https://dogtime.com/dog-breeds/chihuahua,3,5,4,5,1,1,2,4,5,5,2,2,2,2,1,5,2,3,1,3,4,4,3,3,3,2,3,3,2,1,4,Companion Dogs,6 inches to 9 inches tall at the shoulder,3 to 6 pounds,10 to 18 years
Chilier,https://dogtime.com/dog-breeds/chilier,3,4,2,4,2,2,2,4,4,4,4,3,3,2,3,4,4,3,2,3,2,4,3,3,3,2,4,4,4,3,4,Mixed Breed Dogs,8 to 12 inches,6 to 12 pounds,12 to 16 years
Chinese Crested,https://dogtime.com/dog-breeds/chinese-crested,3,5,3,5,1,1,3,4,4,5,4,4,2,2,1,2,5,2,2,3,4,3,4,3,3,1,2,2,1,2,3,Companion Dogs,"11 inches to 1 foot, 1 inch tall at the shoulder",Up to 12 pounds,10 to 14 years
Chinese Shar-Pei,https://dogtime.com/dog-breeds/chinese-shar-pei,3,4,2,2,4,2,1,2,2,2,1,2,3,5,2,5,1,4,3,3,3,2,5,2,5,2,2,2,1,3,1,Working Dogs,"1 foot, 6 inches to 1 foot, 8 inches tall at the shoulder",40 to 55 pounds,8 to 12 years
Chinook,https://dogtime.com/dog-breeds/chinook,3,4,1,5,1,5,4,5,5,5,5,4,3,5,1,2,4,3,4,3,4,5,3,2,2,2,3,3,3,3,4,Working Dogs,"1 foot, 9 inches to 2 feet, 3 inches tall at the shoulder",55 to 70 pounds,12 to 15 years
Chion,https://dogtime.com/dog-breeds/chion,3,4,3,3,2,2,3,3,5,3,3,2,3,2,2,3,4,4,2,3,3,3,4,3,4,1,3,4,3,2,4,Mixed Breed Dogs,5 to 11 inches,4 to 11 pounds,10 to 15 years
Chipin,https://dogtime.com/dog-breeds/chipin,3,5,4,5,1,1,2,3,5,4,2,2,3,2,1,5,3,4,1,3,4,3,2,3,2,3,4,4,3,2,5,Mixed Breed Dogs,8 to 12 inches ,5 to 15 pounds ,10 to 14 years 
Chiweenie,https://dogtime.com/dog-breeds/chiweenie,3,5,3,4,2,1,4,3,4,2,3,2,3,1,1,5,3,4,1,3,2,4,2,3,5,2,4,4,2,4,5,Mixed Breed Dogs,6 to 10 inches,5 to 12 pounds,12 to 16 years
Chorkie,https://dogtime.com/dog-breeds/chorkie,3,5,5,5,1,1,2,3,4,3,3,2,2,2,1,3,3,2,1,3,3,3,2,2,4,2,4,4,3,3,5,Mixed Breed Dogs,6 to 9 inches ,8 to 15 pounds ,12 to 15 years 
Chow Chow,https://dogtime.com/dog-breeds/chow-chow,3,3,2,2,5,5,2,1,2,1,1,1,3,1,3,1,2,4,4,2,2,1,5,2,1,2,2,2,2,2,1,Working Dogs,"1 foot, 5 inches to 1 foot, 8 inches tall at the shoulder",40 to 70 pounds,12 to 15 years
Chow Shepherd,https://dogtime.com/dog-breeds/chow-shepherd,3,3,2,4,2,5,4,3,3,3,2,2,3,5,2,1,3,2,4,3,3,3,3,3,2,3,5,5,4,5,4,Mixed Breed Dogs,22 to 26 inches,45 to 90 pounds ,12 to 15 years 
Chug,https://dogtime.com/dog-breeds/chug,3,5,3,3,3,2,3,4,5,4,3,3,3,4,2,4,4,4,1,3,3,3,3,2,2,2,4,4,3,3,4,Mixed Breed Dogs,10 to 14 inches,10 to 20 pounds,10 to 13
Chusky,https://dogtime.com/dog-breeds/chusky,3,2,2,3,3,5,2,4,4,4,3,3,3,5,2,2,3,3,3,3,3,4,3,3,4,2,4,4,3,4,4,Mixed Breed Dogs,18 to 23 inches,40 to 65 pounds,10 to 13 years
Cirneco dell’Etna,https://dogtime.com/dog-breeds/cirneco-delletna,3,4,3,3,3,3,3,4,5,5,4,3,3,2,1,4,5,2,3,3,3,3,2,4,3,1,3,4,2,3,4,Companion Dogs,17 to 20 inches,17 to 26 pounds,12 to 14 years
Clumber Spaniel,https://dogtime.com/dog-breeds/clumber-spaniel,4,5,5,4,2,5,2,4,5,3,4,3,4,5,5,1,2,5,3,4,4,3,5,5,1,4,3,3,1,2,5,Sporting Dogs,"1 foot, 5 inches to 1 foot, 8 inches tall at the shoulder",55 to 85 pounds,12 to 12 years
Cockalier,https://dogtime.com/dog-breeds/cockalier,3,4,4,4,2,2,2,4,5,5,4,3,3,2,1,4,4,3,2,3,4,4,2,3,2,2,4,4,2,4,5,Mixed Breed Dogs,12 to 15 inches,10 to 28 pounds,12 to 15 years
Cockapoo,https://dogtime.com/dog-breeds/cockapoo,4,4,5,4,3,4,4,5,5,4,5,4,2,1,1,3,2,3,2,3,4,4,2,3,2,3,4,3,3,3,5,Hybrid Dogs,"From 1 foot, 3 inches tall at the shoulder",Starts at 19 pounds,12 to 15 years
Cocker Spaniel,https://dogtime.com/dog-breeds/cocker-spaniel,4,5,3,5,1,4,3,4,5,3,4,3,3,3,1,1,4,4,2,4,5,4,4,5,3,4,3,4,2,3,4,Sporting Dogs,"1 foot, 2 inches to 1 foot, 3 inches tall at the shoulder",24 to 28 pounds,12 to 15 years
Collie,https://dogtime.com/dog-breeds/collie,4,3,4,5,2,4,3,5,5,5,4,4,3,5,1,2,3,3,3,3,4,4,3,4,4,1,3,3,2,3,4,Herding Dogs,"1 foot, 10 inches to 2 feet, 2 inches tall at the shoulder",50 to 70 pounds,10 to 14 years
Corgi Inu,https://dogtime.com/dog-breeds/corgi-inu,3,4,3,3,3,4,2,3,3,3,3,2,3,5,2,2,3,3,2,3,4,4,3,3,3,2,4,4,3,4,4,Mixed Breed Dogs,9 to 15 inches,17 to 27 pounds,12 to 15 years
Corgidor,https://dogtime.com/dog-breeds/corgidor,3,3,2,4,3,3,3,4,5,4,3,4,4,5,2,4,4,4,3,3,4,5,3,3,2,3,4,5,3,4,5,Mixed Breed Dogs,12 to 23 inches ,40 to 55 pounds ,10 to 15 years 
Corman Shepherd,https://dogtime.com/dog-breeds/corman-shepherd,3,2,2,3,3,4,3,4,4,4,4,3,3,5,2,3,3,4,3,3,4,5,3,3,3,2,4,4,3,4,4,Mixed Breed Dogs,12 to 15 inches,20 to 70 pounds,10 to 15 years
Coton de Tulear,https://dogtime.com/dog-breeds/coton-de-tulear,4,5,4,5,1,3,3,5,5,5,5,5,2,1,1,2,5,3,1,3,3,4,3,1,2,3,3,3,2,3,5,Companion Dogs,8 inches to 1 foot tall at the shoulder,8 to 13 pounds,Starts at 14 years
Curly-Coated Retriever,https://dogtime.com/dog-breeds/curly-coated-retriever,3,1,3,3,3,4,4,4,5,5,4,3,3,3,2,3,2,3,3,4,4,5,5,5,3,4,4,5,3,4,5,Sporting Dogs,"1 foot, 11 inches to 2 feet, 3 inches tall at the shoulder",65 to 100 pounds,9 to 12 years
Dachsador,https://dogtime.com/dog-breeds/dachsador,3,4,2,3,2,3,3,4,4,4,3,4,3,2,1,4,4,4,2,3,3,4,2,4,2,4,4,4,3,4,4,Mixed Breed Dogs,15 to 25 inches,30 to 40 pounds,12 to 14 years
Dachshund,https://dogtime.com/dog-breeds/dachshund,3,5,4,4,3,1,3,3,4,5,3,1,3,3,1,3,2,5,1,4,2,4,4,5,5,5,3,3,3,3,4,Hound Dogs,8 inches to 9 inches tall at the shoulder,16 to 32 pounds,12 to 15 years
Dalmatian,https://dogtime.com/dog-breeds/dalmatian,3,2,3,4,3,3,4,4,5,4,4,3,4,5,1,5,4,4,3,3,4,4,2,2,2,4,5,5,4,5,4,Companion Dogs,"1 foot, 7 inches to 2 feet tall at the shoulder",48 to 55 pounds,13 to 16 years
Dandie Dinmont Terrier,https://dogtime.com/dog-breeds/dandie-dinmont-terrier,3,4,4,3,2,3,3,4,5,4,3,3,2,3,1,2,3,4,1,3,2,3,3,4,2,3,3,3,3,2,4,Terrier Dogs,8 inches to 11 inches tall at the shoulder,18 to 24 pounds,12 to 15 years
Daniff,https://dogtime.com/dog-breeds/daniff,3,2,2,3,1,4,3,4,5,4,4,3,3,2,4,1,3,3,5,3,4,4,2,2,1,2,4,3,4,4,4,Mixed Breed Dogs,27 to 33 inches,115 to 190 pounds,8 to 12 years
Deutscher Wachtelhund,https://dogtime.com/dog-breeds/deutscher-wachtelhund,3,3,3,2,2,4,3,4,5,4,4,3,3,3,2,3,5,2,4,3,4,4,3,4,3,2,4,4,3,4,4,Sporting Dogs,18 to 21 inches,40 to 55 pounds,12 to 14 years
Doberdor,https://dogtime.com/dog-breeds/doberdor,2,1,1,3,2,2,4,3,3,3,3,1,3,1,2,4,4,4,5,3,1,4,3,4,4,4,5,5,4,5,4,Mixed Breed Dogs,24 to 28 inches,60 to 100 pounds,10 to 14 years
Doberman Pinscher,https://dogtime.com/dog-breeds/doberman-pinscher,3,3,3,5,2,1,4,3,5,3,1,3,4,4,4,5,1,3,4,3,5,5,2,1,1,2,4,3,3,3,5,Working Dogs,24 to 28 inches tall at the shoulder,60 to 80 pounds,10 to 13 years
Docker,https://dogtime.com/dog-breeds/docker,3,3,2,4,2,3,3,3,5,3,3,2,3,3,2,3,3,3,2,4,3,4,5,5,4,5,3,3,3,3,4,Mixed Breed Dogs,9 to 15 inches ,20 to 30 Pounds ,12 to 14 Years
Dogo Argentino,https://dogtime.com/dog-breeds/dogo-argentino,2,1,1,3,2,2,4,3,4,2,2,2,3,1,3,4,3,2,4,3,2,3,2,5,2,4,4,4,4,4,3,Sporting Dogs,23 to 27 inches,80 to 100 pounds,9 to 15 years
Dogue de Bordeaux,https://dogtime.com/dog-breeds/dogue-de-bordeaux,3,5,1,4,2,3,2,3,5,5,1,1,4,3,5,5,2,4,4,3,2,3,4,4,2,1,3,2,2,5,3,Working Dogs,"1 foot, 11 inches to 2 feet, 3 inches tall at the shoulder",Starts at 100 pounds,8 to 12 years
Dorgi,https://dogtime.com/dog-breeds/dorgi,3,4,4,3,1,4,3,4,4,4,4,3,3,2,2,4,4,4,2,3,3,4,4,3,3,3,4,4,4,4,5,Mixed Breed Dogs,9 to12 inches,15 to 28 pounds,12 to 15 years
Dorkie,https://dogtime.com/dog-breeds/dorkie,3,5,4,4,2,2,2,4,4,4,4,4,2,3,1,2,2,2,1,3,3,4,2,3,2,2,2,2,2,2,3,Mixed Breed Dogs,5 to 10 inches,5 to 12 pounds,13 to 16 years
Doxiepoo,https://dogtime.com/dog-breeds/doxiepoo,3,5,3,4,2,3,3,3,5,2,1,3,2,3,3,2,4,2,2,4,3,5,3,4,5,4,4,4,4,4,5,Mixed Breed Dogs,8 to 23 inches,5 to 30 pounds,10 to 15 years
Doxle,https://dogtime.com/dog-breeds/doxle,3,2,4,4,1,2,4,5,5,4,5,4,4,5,1,4,4,4,3,4,3,4,3,5,5,5,5,5,4,5,5,Mixed Breed Dogs,5 to 15 inches,11 to 30 pounds,12 to 14 years
Drentsche Patrijshond,https://dogtime.com/dog-breeds/drentsche-patrijshond,3,3,2,4,3,4,3,4,5,4,4,3,3,4,3,3,4,2,3,3,2,4,3,4,2,1,4,5,3,4,4,Working Dogs,21 to 25 inches,40 to 60 pounds,11 to 14 years old
Drever,https://dogtime.com/dog-breeds/drever,3,4,3,2,2,2,3,4,5,5,4,3,3,3,2,3,5,3,3,3,3,4,4,3,4,2,4,5,3,4,4,Hound Dogs,12 to 16 inches,35 to 40 pounds,12 to 15 years
Dutch Shepherd,https://dogtime.com/dog-breeds/dutch-shepherd,3,3,3,3,2,4,4,4,4,4,4,2,3,4,2,3,4,2,3,3,5,4,2,3,2,2,4,4,3,4,4,Herding Dogs,21 to 25 inches,50 to 70 pounds,12 to 15 years
English Cocker Spaniel,https://dogtime.com/dog-breeds/english-cocker-spaniel,4,5,4,5,1,4,3,5,5,5,5,5,3,3,1,3,4,5,2,4,4,5,3,5,4,4,4,5,3,4,5,Sporting Dogs,"1 foot, 3 inches to 1 foot, 5 inches tall at the shoulder",26 to 34 pounds,12 to 14 years
English Foxhound,https://dogtime.com/dog-breeds/english-foxhound,3,1,2,3,4,3,3,4,4,4,5,3,3,3,1,5,4,2,3,4,3,3,4,5,4,5,5,5,4,5,5,Hound Dogs,"2 feet, 1 inch to 2 feet, 3 inches tall at the shoulder",55 to 75 pounds,10 to 13 years
English Setter,https://dogtime.com/dog-breeds/english-setter,3,1,3,4,1,4,3,5,5,5,5,5,3,3,2,3,3,5,3,4,3,5,4,5,4,5,4,4,2,5,5,Sporting Dogs,"1 foot, 11 inches to 2 feet, 3 inches tall at the shoulder",45 to 80 pounds,11 to 15 years
English Springer Spaniel,https://dogtime.com/dog-breeds/english-springer-spaniel,3,1,3,4,1,3,4,5,5,5,5,4,3,3,1,2,3,3,3,4,5,5,3,5,3,4,5,5,3,5,5,Sporting Dogs,"1 foot, 6 inches to 1 foot, 10 inches tall at the shoulder",45 to 55 pounds,9 to 15 years
English Toy Spaniel,https://dogtime.com/dog-breeds/english-toy-spaniel,3,4,4,4,1,2,2,4,5,1,4,4,3,5,2,4,2,3,2,3,3,3,4,4,3,2,3,3,3,2,4,Companion Dogs,10 inches to 11 inches tall at the shoulder,8 to 14 pounds,10 to 12 years
Entlebucher Mountain Dog,https://dogtime.com/dog-breeds/entlebucher-mountain-dog,3,1,2,4,3,4,2,4,5,5,3,2,3,3,1,5,3,3,3,4,3,4,4,4,5,3,5,5,4,5,5,Herding Dogs,"1 foot, 4 inches to 1 foot, 8 inches tall at the shoulder",45 to 65 pounds,10 to 13 years
Estrela Mountain Dog,https://dogtime.com/dog-breeds/estrela-mountain-dog,3,1,3,2,3,4,3,4,5,5,3,2,3,4,3,2,4,3,4,3,4,5,2,1,3,1,3,3,3,3,3,Herding Dogs,24 to 30 inches,75 to 130 pounds,11 to 15 years
Eurasier,https://dogtime.com/dog-breeds/eurasier,3,4,3,2,1,4,3,4,3,5,4,2,3,4,3,3,4,2,4,2,4,4,2,1,2,1,3,3,2,3,3,Companion Dogs,20 to 24 Inches,40 to 71 lbs,12 to 14 years
Field Spaniel,https://dogtime.com/dog-breeds/field-spaniel,3,1,3,4,1,3,4,5,5,5,4,4,3,3,1,4,3,4,2,4,5,5,3,4,2,5,5,5,3,5,5,Sporting Dogs,"1 foot, 4 inches to 1 foot, 7 inches tall at the shoulder",37 to 45 pounds,10 to 12 years
Finnish Lapphund,https://dogtime.com/dog-breeds/finnish-lapphund,4,4,4,4,2,5,2,5,5,5,5,4,3,3,1,4,4,4,3,4,5,5,4,4,3,4,5,5,5,4,5,Herding Dogs,"1 foot, 5 inches to 1 foot, 8 inches tall at the shoulder",33 to 53 pounds,12 to 15 years
Finnish Spitz,https://dogtime.com/dog-breeds/finnish-spitz,3,3,3,3,1,5,3,5,5,5,5,3,3,4,1,2,4,3,3,4,3,4,3,3,5,4,5,5,4,5,5,Sporting Dogs,"1 foot, 3 inches to 1 foot, 8 inches tall at the shoulder",20 to 35 pounds,12 to 15 years
Flat-Coated Retriever,https://dogtime.com/dog-breeds/flat-coated-retriever,3,1,2,5,1,4,4,5,5,5,5,5,3,3,2,4,4,4,3,4,4,5,3,3,4,4,5,5,4,5,5,Sporting Dogs,"1 foot, 10 inches to 2 feet tall at the shoulder",55 to 70 pounds,10 to 12 years
Fox Terrier,https://dogtime.com/dog-breeds/fox-terrier,3,3,3,3,3,3,4,4,4,4,3,3,2,2,1,2,4,2,2,4,5,5,3,5,3,3,5,5,5,5,5,Terrier Dogs,"Up to 1 foot, 3 inches tall at the shoulder",15 to 19 pounds,10 to 15 years
French Bulldog,https://dogtime.com/dog-breeds/french-bulldog,3,5,5,3,1,2,1,4,5,4,4,4,3,3,1,5,2,4,2,3,4,3,3,2,3,2,4,3,4,2,5,Companion Dogs,11 inches to 1 foot tall at the shoulder,16 to 28 pounds,11 to 14 years
French Spaniel,https://dogtime.com/dog-breeds/french-spaniel,3,2,4,4,3,4,2,4,5,4,4,4,3,3,2,3,4,2,3,3,4,4,2,3,2,2,4,5,3,4,4,Sporting Dogs,21 to 24 inches.,45 to 60 pounds.,10 to 12 years.
Frenchton,https://dogtime.com/dog-breeds/frenchton,4,5,5,3,2,3,3,5,5,5,5,5,3,4,3,5,4,2,2,3,4,4,2,2,3,3,4,3,3,3,5,Mixed Breed Dogs,11 to 14 inches,15 to 25 pounds,12 to 15 years
Frengle,https://dogtime.com/dog-breeds/frengle,3,4,4,4,3,2,2,5,5,5,4,4,3,3,1,5,4,4,3,3,3,4,3,3,2,3,4,4,3,4,5,Mixed Breed Dogs,8 to 15 inches,18 to 30 pounds,10 to 15 years
German Pinscher,https://dogtime.com/dog-breeds/german-pinscher,3,3,3,4,3,3,4,3,5,3,2,2,3,3,1,5,4,3,3,4,4,5,3,5,3,4,5,5,3,5,5,Working Dogs,17 to 20 inches tall at the shoulder,25 to 45 pounds,12 to 14 years
German Shepherd Dog,https://dogtime.com/dog-breeds/german-shepherd-dog,3,3,2,5,2,4,3,4,5,5,2,4,4,5,1,5,4,2,4,4,5,5,5,4,4,2,5,5,5,5,5,Herding Dogs,"1 foot, 10 inches to 2 feet, 2 inches tall at the shoulder",75 to 95 pounds,10 to 14 years
German Shepherd Pit Bull,https://dogtime.com/dog-breeds/german-shepherd-pit-bull,2,1,1,4,1,3,3,5,5,5,4,4,4,5,1,5,4,4,4,4,5,5,5,4,4,3,5,5,5,5,5,Mixed Breed Dogs,17 to 26 inches ,30 to 90 pounds ,10 to 12 years 
German Sheprador,https://dogtime.com/dog-breeds/german-sheprador,3,2,1,5,2,4,4,5,5,5,4,4,4,5,2,5,3,3,4,4,5,5,5,3,2,2,5,5,5,5,5,Mixed Breed Dogs,20 to 27 inches ,60 to 95 pounds ,10 to 12 years 
German Shorthaired Pointer,https://dogtime.com/dog-breeds/german-shorthaired-pointer,2,1,2,4,1,2,4,4,5,5,4,3,3,2,2,5,3,3,3,5,5,5,4,5,3,5,5,5,3,5,5,Sporting Dogs,"1 foot, 9 inches to 2 feet, 1 inch tall at the shoulder",45 to 70 pounds,12 to 15 years
German Spitz,https://dogtime.com/dog-breeds/german-spitz,3,4,2,3,3,3,2,4,5,4,3,3,3,4,1,2,4,4,1,4,2,4,4,5,4,2,4,5,3,4,4,Companion Dogs,12 to 15 inches,21 to 29 pounds,13 to 15 years
German Wirehaired Pointer,https://dogtime.com/dog-breeds/german-wirehaired-pointer,3,2,3,4,2,3,4,3,5,3,3,2,3,2,2,4,4,3,4,4,4,5,4,4,3,5,5,5,4,5,5,Sporting Dogs,"1 foot, 10 inches to 2 feet, 2 inches tall at the shoulder",60 to 70 pounds,12 to 14 years
Giant Schnauzer,https://dogtime.com/dog-breeds/giant-schnauzer,2,1,1,4,2,4,2,3,5,3,3,2,3,4,1,2,4,3,4,4,5,4,3,4,4,4,4,5,2,5,5,Working Dogs,23 to 27 inches tall at the shoulder,55 to 80 pounds,10 to 12 years
Glen of Imaal Terrier,https://dogtime.com/dog-breeds/glen-of-imaal-terrier,3,4,2,3,3,3,4,4,5,5,2,3,3,1,1,5,5,3,1,4,4,4,3,5,4,3,4,4,5,4,4,Terrier Dogs,"1 foot to 1 foot, 2 inches tall at the shoulder",Up to 35 pounds,12 to 15 years
Goberian,https://dogtime.com/dog-breeds/goberian,3,1,2,3,2,5,2,4,4,4,4,2,3,2,1,5,4,4,4,3,2,5,3,4,2,4,5,5,4,5,4,Mixed Breed Dogs,20 to 24 inches,45 to 90 pounds,10 to 15 years
Goldador,https://dogtime.com/dog-breeds/goldador,4,2,4,3,4,5,4,5,5,5,5,5,3,3,2,4,4,3,4,3,4,5,2,1,1,4,5,5,5,5,5,Hybrid Dogs,"1 foot, 10 inches to 2 feet tall at the shoulder",60 to 80 pounds,10 to 15 years
Golden Cocker Retriever,https://dogtime.com/dog-breeds/golden-cocker-retriever,3,1,4,4,1,2,4,4,5,4,4,3,3,4,1,4,4,4,3,3,4,4,2,2,3,4,4,5,2,4,5,Mixed Breed Dogs,20 to 24 inches,30 to 45 pounds,12 to 15 years
Golden Mountain Dog,https://dogtime.com/dog-breeds/golden-mountain-dog,2,1,2,2,2,5,1,4,5,5,4,3,4,4,4,2,3,4,5,3,4,4,2,2,3,4,4,4,2,5,5,Mixed Breed Dogs,24 to 28 inches,75 to 120 pounds,9 to 15 years
Golden Retriever,https://dogtime.com/dog-breeds/golden-retriever,3,2,3,5,1,3,3,5,5,5,5,5,4,5,4,2,2,5,3,4,5,5,5,3,3,2,4,5,2,5,5,Sporting Dogs,"1 foot, 9 inches to 2 feet tall at the shoulder",55 to 75 pounds,10 to 12 years
Golden Retriever Corgi,https://dogtime.com/dog-breeds/golden-retriever-corgi,3,3,4,3,3,3,3,5,5,5,4,4,3,4,3,3,3,4,3,3,4,4,3,2,3,2,4,4,3,3,5,Mixed Breed Dogs,10 to 18 inches,30 to 75 pounds,10 to 13 years
Golden Shepherd,https://dogtime.com/dog-breeds/golden-shepherd,3,2,2,5,1,5,4,5,5,5,3,5,3,5,2,2,3,3,5,4,5,5,5,3,3,2,5,5,3,5,5,Mixed Breed Dogs,20 to 26 inches,55 to 85 pounds ,10 to 14 years
Goldendoodle,https://dogtime.com/dog-breeds/goldendoodle,3,1,4,4,3,3,3,5,5,5,5,4,3,2,1,4,3,3,4,3,4,5,1,1,3,3,4,4,3,5,5,Hybrid Dogs,"1 foot, 8 inches to 2 feet tall at the shoulder",50 to 90 pounds,10 to 15 years
Gollie,https://dogtime.com/dog-breeds/gollie,3,1,4,3,2,3,3,5,5,5,4,4,3,4,2,3,3,4,3,3,4,4,2,2,2,4,4,5,3,4,5,Mixed Breed Dogs,22 to 26 inches,50 to 75 pounds,12 to 15 years
Gordon Setter,https://dogtime.com/dog-breeds/gordon-setter,3,2,3,4,1,4,3,3,5,3,2,3,3,5,3,2,4,3,3,4,5,5,3,4,5,4,4,5,2,5,5,Sporting Dogs,"1 foot, 11 inches to 2 feet, 3 inches tall at the shoulder",45 to 80 pounds,10 to 12 years
Great Dane,https://dogtime.com/dog-breeds/great-dane,2,1,1,5,1,2,3,5,5,5,5,5,4,5,4,5,4,2,5,3,5,3,2,3,4,3,5,5,5,5,5,Working Dogs,26 to 34 inches tall at the shoulder,100 to 200 pounds,7 to 10 years
Great Pyrenees,https://dogtime.com/dog-breeds/great-pyrenees,3,1,1,4,3,5,3,4,5,4,4,3,4,5,2,4,2,4,5,4,1,4,2,5,5,5,5,5,5,5,4,Working Dogs,"2 feet, 1 inch to 2 feet, 8 inches tall at the shoulder",85 to 160 pounds,10 to 12 years
Greater Swiss Mountain Dog,https://dogtime.com/dog-breeds/greater-swiss-mountain-dog,3,1,2,4,3,5,1,5,5,5,5,3,3,3,1,5,2,4,5,3,3,3,3,4,4,3,4,5,4,3,5,Working Dogs,23 to 28 inches tall at the shoulder,85 to 140 pounds,7 to 9 years
Greyador,https://dogtime.com/dog-breeds/greyador,3,3,2,5,1,1,3,5,5,5,5,5,5,5,4,5,4,5,4,4,3,5,5,4,4,4,4,4,4,4,4,Mixed Breed Dogs,21 to 27 inches,50 to 80 pounds ,11 to 13 years
Greyhound,https://dogtime.com/dog-breeds/greyhound,3,4,2,5,1,1,5,5,5,5,4,5,5,4,5,5,4,5,4,4,5,5,4,5,2,5,4,5,3,5,4,Hound Dogs,"2 feet, 1 inch to 2 feet, 6 inches tall at the shoulder",50 to 85 pounds,12 to 15 years
Hamiltonstovare,https://dogtime.com/dog-breeds/hamiltonstovare,3,3,2,4,3,3,3,4,5,4,3,3,3,1,1,4,4,3,3,3,3,4,2,5,3,2,4,5,3,4,4,Hound Dogs,19 to 24 inches,40 to 75 pounds,14 to 17 years
Hanoverian Scenthound,https://dogtime.com/dog-breeds/hanoverian-scenthound,3,2,1,4,3,3,3,4,5,5,4,3,3,2,1,4,4,3,4,3,2,4,2,4,3,2,4,4,3,4,4,Working Dogs,19 to 22 inches,80 to 100 pounds,12 to 14 years
Harrier,https://dogtime.com/dog-breeds/harrier,3,1,3,2,3,3,4,5,4,5,5,5,3,3,1,5,5,3,3,4,2,4,3,4,4,5,5,5,4,5,5,Hound Dogs,"1 foot, 7 inches to 1 foot, 9 inches tall at the shoulder",45 to 60 pounds,10 to 12 years
Havanese,https://dogtime.com/dog-breeds/havanese,4,5,5,4,1,3,4,5,5,4,5,5,2,2,1,1,3,4,2,3,5,4,3,4,2,2,3,3,2,3,5,Companion Dogs,8 inches to 11 inches tall at the shoulder,7 to 13 pounds,12 to 15 years
Hokkaido,https://dogtime.com/dog-breeds/hokkaido,3,3,2,2,3,5,2,4,4,4,3,3,3,4,2,1,5,3,3,3,3,4,3,4,3,3,3,3,2,3,3,Working Dogs,18 to 22 Inches,45 to 65 Pounds,11 to 13 Years
Horgi,https://dogtime.com/dog-breeds/horgi,3,2,2,4,2,4,3,5,5,5,4,5,3,4,2,3,3,3,2,4,4,4,4,4,3,3,4,4,3,4,4,Mixed Breed Dogs,12 to 15 inches ,20 to 50 pounds,12 to 15 years 
Huskita,https://dogtime.com/dog-breeds/huskita,3,2,1,4,1,5,3,3,5,2,2,3,3,4,3,1,4,3,4,4,2,3,3,4,5,5,5,4,4,5,5,Mixed Breed Dogs,22 to 25 inches ,50 to 75 pounds ,10 to 13 years
Huskydoodle,https://dogtime.com/dog-breeds/huskydoodle,3,2,2,3,2,4,3,4,4,4,4,3,3,3,2,3,4,4,3,3,3,5,3,4,2,2,5,5,4,5,4,Mixed Breed Dogs,12 to 25 inches,40 to 60 pounds,10 to 14 years
Ibizan Hound,https://dogtime.com/dog-breeds/ibizan-hound,3,5,3,4,2,1,4,5,5,5,5,4,3,3,1,5,4,1,3,4,3,4,3,5,2,5,5,5,3,5,5,Hound Dogs,"1 foot, 10 inches to 2 feet, 3 inches tall at the shoulder",45 to 50 pounds,10 to 14 years
Icelandic Sheepdog,https://dogtime.com/dog-breeds/icelandic-sheepdog,3,1,1,3,2,5,3,3,4,4,2,2,3,5,1,1,3,3,3,3,3,4,3,4,1,4,4,4,5,4,4,Herding Dogs,"1 foot, 4 inches to 1 foot, 6 inches tall at the shoulder",20 to 30 pounds,14 to 15 years
Irish Red and White Setter,https://dogtime.com/dog-breeds/irish-red-and-white-setter,3,1,3,4,1,4,3,4,5,4,4,4,2,3,1,3,2,2,3,4,4,4,4,3,3,4,5,5,5,5,5,Sporting Dogs,"1 foot, 10 inches to 2 feet, 2 inches tall at the shoulder",50 to 70 pounds,10 to 14 years
Irish Setter,https://dogtime.com/dog-breeds/irish-setter,3,1,3,4,2,4,3,5,5,5,5,5,3,4,2,3,2,3,4,5,4,5,5,5,4,5,5,5,3,5,5,Sporting Dogs,"2 feet, 1 inch to 2 feet, 3 inches tall at the shoulder",60 to 70 pounds,11 to 15 years
Irish Terrier,https://dogtime.com/dog-breeds/irish-terrier,3,3,2,3,2,4,4,4,5,5,1,3,3,4,1,2,5,3,3,3,1,4,1,2,4,3,5,5,4,4,5,Terrier Dogs,"1 foot, 6 inches to 1 foot, 8 inches tall at the shoulder",25 to 27 pounds,12 to 16 years
Irish Water Spaniel,https://dogtime.com/dog-breeds/irish-water-spaniel,3,3,2,4,3,4,4,5,5,5,4,5,2,1,2,3,2,3,3,4,5,4,3,5,4,3,4,5,3,5,4,Sporting Dogs,"1 foot, 9 inches to 2 feet tall at the shoulder",45 to 65 pounds,10 to 12 years
Irish Wolfhound,https://dogtime.com/dog-breeds/irish-wolfhound,2,1,2,3,2,4,2,5,5,5,5,5,3,3,1,3,1,3,5,3,3,4,3,5,1,3,3,2,2,4,4,Hound Dogs,"2 feet, 8 inches to 2 feet, 11 inches tall at the shoulder",115 to 180 pounds,6 to 8 years
Italian Greyhound,https://dogtime.com/dog-breeds/italian-greyhound,3,5,5,5,1,1,3,5,5,5,4,4,3,2,1,5,3,2,2,4,3,3,4,5,3,3,4,4,2,4,4,Companion Dogs,"1 foot, 1 inch to 1 foot, 3 inches tall at the shoulder",6 to 15 pounds,14 to 15 years
Jack-A-Poo,https://dogtime.com/dog-breeds/jack-a-poo,4,4,4,4,2,4,4,5,5,5,5,4,2,2,1,2,3,4,2,4,4,5,4,4,3,4,5,5,4,5,5,Mixed Breed Dogs,10 to 16 inches,13 to 25 pounds,12 to 15 years
Jack Chi,https://dogtime.com/dog-breeds/jack-chi,3,4,2,3,3,2,4,4,4,5,4,3,3,2,2,5,4,4,2,3,2,4,2,4,2,4,4,4,4,4,5,Mixed Breed Dogs,12 to 15 inches,8 to 18 pounds,13 to 18 years
Jack Russell Terrier,https://dogtime.com/dog-breeds/jack-russell-terrier,3,3,2,3,3,4,3,5,5,4,5,4,3,3,1,3,4,4,2,4,4,5,4,5,4,4,5,5,5,5,5,Terrier Dogs,"10 inches to 1 foot, 3 inches tall at the shoulder",13 to 17 pounds,10 to 15 years
Japanese Chin,https://dogtime.com/dog-breeds/japanese-chin,3,5,4,3,1,3,2,3,3,3,3,4,2,3,1,3,3,3,1,3,3,3,4,3,3,1,2,2,1,2,4,Companion Dogs,8 inches to 11 inches tall at the shoulder,4 to 9 pounds,10 to 14 years
Japanese Spitz,https://dogtime.com/dog-breeds/japanese-spitz,3,4,4,3,2,4,3,4,4,5,4,2,3,3,1,4,3,2,2,3,4,4,2,2,4,2,3,3,2,3,4,Companion Dogs,10 to 16 inches,11 to 20 pounds,10 to 16 years
Korean Jindo Dog,https://dogtime.com/dog-breeds/jindo,3,3,2,3,2,5,2,4,5,3,3,4,3,5,1,1,4,2,3,3,2,5,2,5,5,5,4,4,4,5,4,Sporting Dogs,19½ to 21 inches for males and 18½ to 20 inches for females,35 - 60 pounds,12 - 15 years
Karelian Bear Dog,https://dogtime.com/dog-breeds/karelian-bear-dog,3,2,1,4,2,5,3,3,4,3,1,2,3,3,1,4,4,2,3,4,2,4,4,5,4,5,4,4,5,4,4,Working Dogs,19 to 24 inches,44 to 50 pounds,10 to 13 years
Keeshond,https://dogtime.com/dog-breeds/keeshond,4,4,4,5,1,5,3,5,5,5,4,4,3,5,1,3,3,4,3,3,4,4,3,3,4,2,4,4,3,3,5,Companion Dogs,"1 foot, 4 inches to 1 foot, 7 inches tall at the shoulder",35 to 45 pounds,12 to 15 years
Kerry Blue Terrier,https://dogtime.com/dog-breeds/kerry-blue-terrier,3,3,2,3,3,4,3,4,4,4,2,5,2,1,1,2,3,3,3,4,4,4,4,3,4,3,4,4,4,5,4,Terrier Dogs,"1 foot, 5 inches to 1 foot, 7 inches tall at the shoulder",33 to 40 pounds,12 to 15 years
Komondor,https://dogtime.com/dog-breeds/komondor,3,2,1,4,1,4,3,3,5,3,1,1,3,3,2,2,2,3,4,4,4,4,3,2,5,4,3,2,1,4,4,Working Dogs,25 to 27 inches tall at the shoulder,80 to 100 pounds,10 to 12 years
Kooikerhondje,https://dogtime.com/dog-breeds/kooikerhondje,3,4,3,4,2,4,3,2,3,2,2,2,3,3,1,2,5,3,3,3,1,4,3,3,3,3,5,4,5,5,4,Sporting Dogs,"1 foot, 2 inches to 1 foot, 4 inches tall at the shoulder",20 to 25 pounds,12 to 14 years
Kuvasz,https://dogtime.com/dog-breeds/kuvasz,3,1,1,5,1,5,2,2,5,1,2,1,4,4,3,4,4,4,5,2,2,4,1,1,3,3,4,4,4,5,4,Working Dogs,26 to 30 inches tall at the shoulder,70 to 115 pounds,10 to 12 years
Kyi-Leo,https://dogtime.com/dog-breeds/kyi-leo,4,5,4,3,4,5,2,4,5,5,4,3,2,2,1,2,3,3,2,3,3,3,4,1,4,2,3,4,3,2,4,Mixed Breed Dogs,8 to 12 inches,8 to 14 pounds,13 to 15 years
Lab Pointer,https://dogtime.com/dog-breeds/lab-pointer,3,1,4,3,1,4,4,4,5,4,3,4,3,2,2,4,4,4,4,4,5,4,2,4,2,4,4,5,3,5,4,Mixed Breed Dogs,22 to 28 inches,35 to 80 pounds,10 to 15 years
Labernese,https://dogtime.com/dog-breeds/labernese,3,2,4,4,1,4,2,4,4,5,4,3,3,4,3,3,2,4,4,3,3,4,3,3,2,4,4,4,2,4,5,Mixed Breed Dogs,24 to 28 inches,65 to 110 pounds,6 to 12 years
Labmaraner,https://dogtime.com/dog-breeds/labmaraner,3,1,4,4,1,3,3,4,4,5,4,3,3,1,2,4,4,4,4,4,4,4,3,3,3,4,4,4,3,5,5,Mixed Breed Dogs,21 to 24 inches,60 to 100 pounds,10 to 12 years
Labrabull,https://dogtime.com/dog-breeds/labrabull,3,2,2,4,1,3,3,4,5,5,2,5,4,5,2,5,3,3,4,4,5,5,5,3,3,4,5,5,5,4,5,Mixed Breed Dogs,20 to 24 inches ,45 to 90 pounds ,10 to 14 years 
Labradane,https://dogtime.com/dog-breeds/labradane,3,1,2,3,2,4,4,4,5,5,4,3,4,2,3,4,4,4,5,3,3,4,2,3,1,3,4,4,2,4,5,Mixed Breed Dogs,24 to 30 inches,100 to 180 pounds,8 to 12 years
Labradoodle,https://dogtime.com/dog-breeds/labradoodle,4,3,4,3,4,5,4,5,5,4,5,5,3,3,1,4,4,3,4,3,4,4,1,2,2,3,5,5,4,5,5,Hybrid Dogs,21 to 24 inches at the shoulder,50 to 65 pounds,12 to 14 years
Labrador Retriever,https://dogtime.com/dog-breeds/labrador-retriever,3,1,3,5,2,3,3,5,5,5,5,5,4,5,3,5,3,5,4,4,5,5,5,2,4,3,5,5,5,5,5,Sporting Dogs,21 to 24 inches at the shoulder,55 to 80 pounds,10 to 12 years
Labrastaff,https://dogtime.com/dog-breeds/labrastaff,3,2,2,4,1,3,3,4,4,4,3,4,4,4,3,3,4,4,4,3,2,4,3,3,3,4,4,4,3,4,4,Mixed Breed Dogs,17 to 24 inches,40 to 80 pounds,10 to 14 years
Labsky,https://dogtime.com/dog-breeds/labsky,2,2,2,2,2,5,1,4,5,4,3,3,3,4,2,2,3,4,4,4,4,5,3,4,4,4,5,5,4,5,5,Mixed Breed Dogs,20 to 28 inches,40 to 60 pounds,10 to 12 years
Lagotto Romagnolo,https://dogtime.com/dog-breeds/lagotto-romagnolo,3,2,4,3,3,4,3,3,3,3,3,3,2,1,2,1,4,3,2,3,4,4,2,4,3,3,4,4,2,4,4,Sporting Dogs,14 to 19 inches,24 to 35 pounds,14 to 17 years
Lakeland Terrier,https://dogtime.com/dog-breeds/lakeland-terrier,3,4,3,3,2,4,4,4,5,4,3,3,3,2,1,2,5,3,2,3,2,4,1,4,2,3,4,5,4,4,4,Terrier Dogs,"1 foot, 1 inch to 1 foot, 2 inches tall at the shoulder",15 to 17 pounds,12 to 15 years
Lancashire Heeler,https://dogtime.com/dog-breeds/lancashire-heeler,3,2,2,3,3,3,3,3,4,3,3,2,3,3,1,4,4,4,1,3,3,4,2,2,2,4,4,4,4,3,4,Herding Dogs,10 inches to 1 foot tall at the shoulder,13 to 15 pounds,9 to 14 years
Leonberger,https://dogtime.com/dog-breeds/leonberger,2,1,1,4,2,5,1,4,5,4,3,2,4,5,3,4,1,4,5,3,2,3,4,4,3,2,4,4,4,4,4,Working Dogs,"2 feet, 1 inch to 2 feet, 7 inches tall at the shoulder",120 to 170 pounds,10 to 12 years
Lhasa Apso,https://dogtime.com/dog-breeds/lhasa-apso,4,5,5,5,4,3,2,3,4,4,3,2,2,3,1,1,3,3,1,3,3,4,3,4,4,2,4,4,3,3,5,Companion Dogs,9 inches to 11 inches tall at the shoulder,12 to 15 pounds,12 to 15 years
Lhasapoo,https://dogtime.com/dog-breeds/lhasapoo,3,4,2,4,2,3,3,3,4,3,3,1,3,1,1,3,4,3,3,3,3,5,2,2,4,2,4,4,4,3,4,Mixed Breed Dogs,9 to 13 inches,10 to 15 pounds,10 to 15 years
Lowchen,https://dogtime.com/dog-breeds/lowchen,3,5,4,3,1,3,3,5,5,5,4,4,3,3,1,3,5,3,1,4,5,4,3,4,4,5,4,4,3,4,5,Companion Dogs,"1 foot to 1 foot, 2 inches tall at the shoulder",9 to 18 pounds,13 to 15 years
Maltese,https://dogtime.com/dog-breeds/maltese,3,5,5,4,1,1,3,4,5,3,4,2,2,2,1,2,3,3,1,3,4,4,3,4,2,1,3,3,3,2,4,Companion Dogs,8 inches to 10 inches tall at the shoulder,Up to 7 pounds,12 to 15 years
Maltese Shih Tzu,https://dogtime.com/dog-breeds/maltese-shih-tzu,3,5,5,3,3,2,2,3,4,3,3,3,2,1,1,2,2,3,1,4,4,3,4,5,4,1,3,3,2,3,3,Hybrid Dogs,From 10 inches tall at the shoulder,6 to 12 pounds,12 to 14 years
Maltipoo,https://dogtime.com/dog-breeds/maltipoo,4,5,5,5,1,2,3,4,5,4,4,4,2,1,1,3,2,2,2,4,5,4,3,2,5,4,3,3,3,2,4,Hybrid Dogs,"8 inches to 1 foot, 2 inches tall at the shoulder",5 to 20 pounds,10 to 13 years
Manchester Terrier,https://dogtime.com/dog-breeds/manchester-terrier,3,5,3,3,3,1,3,3,4,3,3,3,3,3,1,5,2,4,2,3,2,4,2,4,4,4,4,4,4,4,4,Terrier Dogs,"1 foot, 3 inches to 1 foot, 4 inches tall at the shoulder",12 to 22 pounds,14 to 16 years
Mastador,https://dogtime.com/dog-breeds/mastador,3,1,2,4,3,4,2,4,5,5,3,3,4,4,4,4,4,4,4,3,4,4,4,2,2,2,4,4,4,4,4,Mixed Breed Dogs,28 to 36 inches,85 to 160 pounds ,10 to 12 years 
Mastiff,https://dogtime.com/dog-breeds/mastiff,2,2,1,3,3,4,1,4,5,5,2,2,4,3,5,3,3,4,5,2,3,2,4,2,2,1,4,3,3,4,4,Working Dogs,27 to 32 inches tall at the shoulder,130 to 220 pounds,6 to 10 years
Miniature Pinscher,https://dogtime.com/dog-breeds/miniature-pinscher,3,5,3,5,2,1,3,3,5,3,2,3,3,2,1,5,3,5,1,3,3,3,2,3,1,5,4,4,3,4,5,Companion Dogs,10 inches to 1 foot tall at the shoulder,8 to 11 pounds,10 to 14 years
Miniature Schnauzer,https://dogtime.com/dog-breeds/miniature-schnauzer,4,4,3,4,5,4,4,4,5,3,3,3,2,2,1,2,3,4,2,4,5,4,2,4,3,3,4,5,3,5,4,Terrier Dogs,"1 foot to 1 foot, 2 inches tall at the shoulder",11 to 20 pounds,12 to 14 years
Morkie,https://dogtime.com/dog-breeds/morkie,3,3,2,3,2,2,3,3,4,3,2,3,2,1,1,3,4,4,1,4,3,4,5,3,5,2,4,4,3,4,5,Mixed Breed Dogs,4 to 8 inches,7 to 13 pounds,10 to 14 years
Mudi,https://dogtime.com/dog-breeds/mudi,3,2,4,4,2,3,3,3,4,2,2,2,3,3,1,4,4,2,2,4,5,4,3,4,4,4,4,4,2,4,4,Herding Dogs,14 to 20 inches,18 to 29 pounds,12 to 14 years
Mutt,https://dogtime.com/dog-breeds/mutt,3,3,3,3,3,3,3,3,4,3,3,3,3,3,3,3,4,3,3,3,4,4,3,3,3,3,3,3,3,3,3,Mixed Breed Dogs,,,8 to 15 years
Neapolitan Mastiff,https://dogtime.com/dog-breeds/neapolitan-mastiff,2,2,1,4,1,1,2,3,5,4,2,1,4,3,5,3,2,5,5,2,3,3,2,1,1,1,3,3,1,3,4,Working Dogs,24 to 31 inches tall at the shoulder,120 to 200 pounds,8 to 10 years
Newfoundland,https://dogtime.com/dog-breeds/newfoundland,3,1,3,4,1,5,2,5,5,5,4,4,4,5,5,2,1,4,5,4,5,4,3,4,4,3,3,3,1,3,4,Working Dogs,"2 feet, 1 inch to 2 feet, 5 inches tall at the shoulder",100 to 150 pounds,8 to 10 years
Norfolk Terrier,https://dogtime.com/dog-breeds/norfolk-terrier,4,4,5,4,3,4,4,5,5,4,5,4,3,1,1,4,5,5,1,3,5,4,2,1,3,4,4,4,4,4,5,Terrier Dogs,9 inches to 10 inches tall at the shoulder,11 to 12 pounds,12 to 15 years
Norwegian Buhund,https://dogtime.com/dog-breeds/norwegian-buhund,3,3,3,3,4,5,2,4,5,5,3,3,3,3,1,2,4,3,3,3,4,3,3,2,4,4,5,4,4,5,5,Herding Dogs,"1 foot, 4 inches to 1 foot, 6 inches tall at the shoulder",26 to 40 pounds,12 to 15 years
Norwegian Elkhound,https://dogtime.com/dog-breeds/norwegian-elkhound,4,4,4,4,2,5,3,4,5,4,4,4,3,5,1,3,4,4,3,4,2,4,3,4,4,4,4,5,3,5,4,Hound Dogs,"1 foot, 7 inches to 1 foot, 8 inches tall at the shoulder",,12 to 15 years
Norwegian Lundehund,https://dogtime.com/dog-breeds/norwegian-lundehund,3,1,1,3,2,5,3,5,5,5,5,5,3,5,1,4,3,3,3,3,4,5,3,2,1,5,5,4,4,5,5,Working Dogs,"1 foot to 1 foot, 3 inches tall at the shoulder",13 to 16 pounds,10 to 12 years
Norwich Terrier,https://dogtime.com/dog-breeds/norwich-terrier,4,5,3,4,2,4,4,5,5,5,5,5,3,2,1,2,4,5,1,4,4,4,4,3,4,4,5,5,4,4,5,Terrier Dogs,Up to 10 inches tall at the shoulder,Up to 12 pounds,10 to 14 years
Nova Scotia Duck Tolling Retriever,https://dogtime.com/dog-breeds/nova-scotia-duck-tolling-retriever,4,5,3,3,2,4,4,5,5,5,4,4,3,3,1,5,4,4,3,4,4,5,4,5,4,3,5,5,3,5,5,Sporting Dogs,"1 foot, 5 inches to 1 foot, 9 inches tall at the shoulder",35 to 50 pounds,10 to 14 years
Old English Sheepdog,https://dogtime.com/dog-breeds/old-english-sheepdog,4,5,4,4,2,4,2,4,5,4,4,4,3,1,4,1,4,4,4,3,3,4,2,3,1,2,4,4,3,4,4,Herding Dogs,"From 1 foot, 9 inches tall at the shoulder",,10 to 12 years
Otterhound,https://dogtime.com/dog-breeds/otterhound,3,1,4,2,5,4,3,5,5,5,5,4,3,4,1,2,4,3,4,4,2,4,3,5,2,5,5,5,4,5,5,Hound Dogs,"2 feet to 2 feet, 3 inches tall at the shoulder",,10 to 12 years
Papillon,https://dogtime.com/dog-breeds/papillon,3,5,5,3,1,2,4,4,5,3,4,5,2,2,1,3,3,3,1,3,5,4,3,4,2,1,4,4,3,5,5,Companion Dogs,8 inches to 11 inches tall at the shoulder,4 to 9 pounds,12 to 16 years
Papipoo,https://dogtime.com/dog-breeds/papipoo,4,5,5,4,1,2,4,4,5,3,4,4,2,1,1,2,3,3,1,3,5,5,3,3,2,2,5,5,3,5,5,Mixed Breed Dogs,10 to 11 inches,6 to 14 pounds,10 to 14 years
Peekapoo,https://dogtime.com/dog-breeds/peekapoo,4,5,5,4,2,3,2,4,5,4,4,3,2,2,1,2,3,4,1,3,3,4,4,3,4,1,3,3,2,3,4,Hybrid Dogs,Up to 11 inches tall at the shoulder,4 to 20 pounds,10 to 15 years
Pekingese,https://dogtime.com/dog-breeds/pekingese,3,5,4,2,3,4,1,3,5,2,2,2,2,4,1,1,2,3,1,4,3,4,3,5,4,3,2,2,1,2,3,Companion Dogs,6 inches to 9 inches tall at the shoulder,7 to 14 pounds,12 to 15 years
Pembroke Welsh Corgi,https://dogtime.com/dog-breeds/pembroke-welsh-corgi,4,4,4,4,3,4,3,4,5,4,3,5,3,5,1,4,3,4,2,3,5,5,2,3,2,2,4,4,3,4,4,Herding Dogs,10 inches to 1 foot tall at the shoulder,Up to 30 pounds,12 to 14 years
Petit Basset Griffon Vendeen,https://dogtime.com/dog-breeds/petit-basset-griffon-vendeen,3,4,3,3,3,4,3,5,5,5,5,5,3,4,1,2,3,4,2,4,1,4,3,5,5,5,5,5,4,5,5,Hound Dogs,"1 foot, 1 inch to 1 foot, 3 inches tall at the shoulder",30 to 40 pounds,Starts at 14 years
Pharaoh Hound,https://dogtime.com/dog-breeds/pharaoh-hound,4,4,4,5,2,1,5,5,5,5,5,4,3,2,1,4,5,3,3,4,3,4,4,5,4,4,3,2,3,4,4,Hound Dogs,"1 foot, 9 inches to 2 feet, 1 inch tall at the shoulder",45 to 55 pounds,11 to 14 years
Pitsky,https://dogtime.com/dog-breeds/pitsky,2,2,1,4,1,3,3,5,5,5,3,5,3,4,2,3,4,2,3,4,3,3,4,3,4,4,5,4,4,5,5,Mixed Breed Dogs,16 to 25 inches ,30 to 80 pounds ,12 to 16 years 
Plott,https://dogtime.com/dog-breeds/plott,2,1,1,4,2,2,4,4,4,3,5,3,3,2,1,5,5,3,3,4,4,3,3,5,1,5,4,4,4,5,3,Hound Dogs,"1 foot, 8 inches to 2 feet, 3 inches tall at the shoulder",40 to 75 pounds,12 to 14 years
Pocket Beagle,https://dogtime.com/dog-breeds/pocket-beagle,3,4,3,4,2,2,4,5,5,5,5,4,3,3,1,5,3,5,2,4,3,4,4,3,5,5,4,4,4,4,4,Hound Dogs,7 inches to 1 foot tall at the shoulder,7 to 15 pounds,Starts at 10 years
Pointer,https://dogtime.com/dog-breeds/pointer,2,1,1,3,1,2,4,5,5,5,5,5,3,3,1,5,3,3,3,5,5,5,5,5,3,5,5,5,5,5,5,Sporting Dogs,"1 foot, 11 inches to 2 feet, 4 inches tall at the shoulder",45 to 75 pounds,12 to 15 years
Polish Lowland Sheepdog,https://dogtime.com/dog-breeds/polish-lowland-sheepdog,4,4,2,4,3,4,4,4,5,4,3,3,2,1,1,1,4,3,3,3,4,4,3,3,2,3,4,4,3,4,4,Herding Dogs,"1 foot, 5 inches to 1 foot, 8 inches tall at the shoulder",35 to 55 pounds,10 to 12 years
Pomapoo,https://dogtime.com/dog-breeds/pomapoo,3,5,5,4,1,3,2,4,5,3,3,3,2,3,1,1,3,4,1,3,4,4,3,2,3,1,3,3,3,3,4,Mixed Breed Dogs,8 to 10 inches,5 to 15 pounds,12 to 15 years 
Pomchi,https://dogtime.com/dog-breeds/pomchi,3,4,3,3,3,2,4,3,4,3,3,3,3,3,1,2,5,4,1,4,3,4,4,3,4,3,4,3,4,3,4,Mixed Breed Dogs,6 to 10 inches,4 to 12 pounds,12 to 18 years
Pomeagle,https://dogtime.com/dog-breeds/pomeagle,3,4,4,4,1,3,2,4,5,3,3,3,3,4,1,2,3,4,1,3,3,2,3,3,5,4,4,4,3,3,4,Mixed Breed Dogs,6 to 11 inches ,5 to 25 pounds ,12 to 15 years 
Pomeranian,https://dogtime.com/dog-breeds/pomeranian,3,4,4,4,1,4,2,3,5,2,2,3,3,4,1,2,3,4,1,3,4,4,2,2,5,1,3,3,2,2,3,Companion Dogs,7 inches to 1 foot tall at the shoulder,3 to 7 pounds,12 to 16 years
Pomsky,https://dogtime.com/dog-breeds/pomsky,3,5,2,4,1,5,3,3,5,2,3,3,3,4,1,2,3,3,2,4,3,4,3,4,5,2,3,4,2,3,4,Mixed Breed Dogs,10 to 15 inches,7 to 38 pounds,12 to 15 years
Poochon,https://dogtime.com/dog-breeds/poochon,4,5,5,5,1,3,4,5,5,5,4,4,2,1,1,1,3,4,2,3,5,4,3,3,2,2,4,4,3,4,5,Mixed Breed Dogs,9 to 15 inches ,6 to 17 pounds ,12 to 15 years
Poodle,https://dogtime.com/dog-breeds/poodle,4,5,5,4,1,3,4,5,5,5,4,4,2,1,1,1,2,4,4,4,5,5,4,2,2,3,4,4,3,4,5,Companion Dogs,"From 1 foot, 10 inches tall at the shoulder",45 to 70 pounds,12 to 15 years
Portuguese Podengo Pequeno,https://dogtime.com/dog-breeds/portuguese-podengo-pequeno,3,5,4,3,3,2,3,4,4,4,4,4,3,3,1,4,4,2,1,4,4,3,3,4,4,3,4,5,3,3,3,Hound Dogs,8 to 12 inches,9 to 13 pounds,12 to 15 years
Portuguese Water Dog,https://dogtime.com/dog-breeds/portuguese-water-dog,3,4,3,4,2,4,3,5,5,5,5,3,2,1,1,2,4,3,3,4,4,5,5,3,3,3,5,5,3,5,5,Working Dogs,"1 foot, 5 inches to 1 foot, 11 inches tall at the shoulder",35 to 60 pounds,10 to 14 years
Pug,https://dogtime.com/dog-breeds/pug,3,5,5,3,1,2,1,4,5,4,4,4,3,5,1,5,1,5,2,2,3,2,2,3,2,2,4,3,4,3,5,Companion Dogs,"10 inches to 1 foot, 2 inches tall at the shoulder",14 to 18 pounds,12 to 15 years
Pugalier,https://dogtime.com/dog-breeds/pugalier,4,5,5,5,2,2,2,5,5,5,5,5,3,4,1,4,3,5,2,3,4,3,3,3,3,2,4,3,3,3,5,Mixed Breed Dogs,10 to 14 inches,10 to 20 pounds,12 to 15 years 
Puggle,https://dogtime.com/dog-breeds/puggle,4,4,5,3,3,3,3,5,3,5,5,5,3,3,1,5,4,5,2,3,2,3,3,2,4,5,3,3,2,3,3,Hybrid Dogs,"1 foot, 1 inch to 1 foot, 3 inches tall at the shoulder",18 to 30 pounds,10 to 15 years
Puli,https://dogtime.com/dog-breeds/puli,3,4,1,4,2,4,3,4,5,5,5,2,2,1,1,1,5,3,3,4,2,4,3,4,4,5,5,5,5,5,5,Herding Dogs,"1 foot, 4 inches to 1 foot, 5 inches tall at the shoulder",25 to 35 pounds,10 to 15 years
Pyrenean Shepherd,https://dogtime.com/dog-breeds/pyrenean-shepherd,3,5,2,4,1,4,3,4,5,5,2,2,2,3,1,3,2,3,2,3,2,4,3,4,5,2,5,4,5,5,5,Herding Dogs,"1 foot, 3 inches to 1 foot, 9 inches tall at the shoulder",25 to 30 pounds,15 to 17 years
Rat Terrier,https://dogtime.com/dog-breeds/rat-terrier,3,5,3,4,3,1,4,4,4,5,3,4,3,4,1,5,4,3,1,3,5,4,2,4,1,4,5,5,4,4,5,Terrier Dogs,"1 foot, 1 inch to 1 foot, 4 inches tall at the shoulder",,13 to 18 years
Redbone Coonhound,https://dogtime.com/dog-breeds/redbone-coonhound,3,4,2,5,2,3,2,4,5,5,4,3,3,2,4,5,3,3,3,4,3,4,4,4,4,5,5,4,4,5,5,Hound Dogs,"1 foot, 9 inches to 2 feet, 3 inches tall at the shoulder",45 to 70 pounds,10 to 12 years
Rhodesian Ridgeback,https://dogtime.com/dog-breeds/rhodesian-ridgeback,3,1,2,4,2,3,3,4,5,4,4,3,4,4,1,5,4,3,4,3,2,4,3,5,1,5,5,4,4,5,5,Hound Dogs,"2 feet to 2 feet, 3 inches tall at the shoulder",70 to 85 pounds,10 to 12 years
Rottador,https://dogtime.com/dog-breeds/rottador,3,3,2,5,1,4,3,4,5,4,3,3,4,4,4,5,2,5,4,4,4,5,4,3,4,3,5,5,5,5,5,Mixed Breed Dogs,24 to 27 inches,70 to 115 pounds,10 to 12 years
Rottle,https://dogtime.com/dog-breeds/rottle,3,4,3,3,3,3,3,4,5,4,3,3,3,2,2,4,4,3,3,3,5,5,3,3,2,2,4,4,3,4,5,Mixed Breed Dogs,12 to 27 inches,60 to 90 pounds,9 to 15 years
Rottweiler,https://dogtime.com/dog-breeds/rottweiler,2,2,1,4,1,2,3,4,5,4,2,4,4,4,4,5,2,5,3,4,4,5,3,4,4,2,4,4,4,4,5,Working Dogs,"1 foot, 10 inches to 2 feet, 3 inches tall at the shoulder",85 to 130 pounds,8 to 11 years
Saint Berdoodle,https://dogtime.com/dog-breeds/saint-berdoodle,3,2,5,3,2,4,3,5,5,5,5,4,3,3,1,4,4,3,4,3,4,4,3,3,3,3,3,3,3,3,3,Mixed Breed Dogs,15 to 30 inches,40 to 180 pounds,8 to 12 years
Saint Bernard,https://dogtime.com/dog-breeds/saint-bernard,3,3,2,4,1,5,1,5,5,5,5,5,4,4,5,2,2,4,5,2,2,4,3,1,1,2,3,3,2,2,4,Working Dogs,"2 feet, 2 inches to 2 feet, 6 inches tall at the shoulder",120 to 180 pounds,8 to 10 years
Saluki,https://dogtime.com/dog-breeds/saluki,2,1,2,5,1,2,3,4,5,4,4,1,3,2,1,4,4,1,4,4,4,4,4,5,1,5,4,5,2,5,5,Hound Dogs,"1 foot, 11 inches to 2 feet, 4 inches tall at the shoulder",35 to 70 pounds,12 to 14 years
Samoyed,https://dogtime.com/dog-breeds/samoyed,3,2,2,4,2,5,1,5,5,5,5,5,3,5,2,1,3,4,3,4,3,3,3,5,3,4,4,5,2,5,5,Working Dogs,"1 foot, 7 inches to 2 feet tall at the shoulder",50 to 60 pounds,12 to 14 years
Samusky,https://dogtime.com/dog-breeds/samusky,3,2,3,3,2,5,3,4,4,5,4,4,3,4,2,2,3,4,4,3,3,5,3,3,2,4,4,5,3,4,5,Mixed Breed Dogs,20 to 24 inches,45 to 60 pounds,12 to 15 years
Schipperke,https://dogtime.com/dog-breeds/schipperke,3,4,4,4,3,3,2,3,4,5,2,2,3,3,1,5,4,5,1,3,2,4,3,2,4,5,5,5,3,5,5,Companion Dogs,"10 inches to 1 foot, 3 inches tall at the shoulder",11 to 18 pounds,13 to 15 years
Schnoodle,https://dogtime.com/dog-breeds/schnoodle,3,3,5,4,2,2,4,4,4,5,3,3,3,2,1,4,3,4,4,3,4,5,3,3,2,3,4,4,3,4,4,Hybrid Dogs,"1 foot, 3 inches to 2 feet, 2 inches tall at the shoulder",20 to 75 pounds,10 to 15 years
Scottish Deerhound,https://dogtime.com/dog-breeds/scottish-deerhound,3,1,1,3,2,4,4,4,5,4,2,5,3,5,1,2,3,4,5,3,2,3,4,5,1,4,5,5,5,5,5,Hound Dogs,"2 feet, 4 inches to 2 feet, 8 inches tall at the shoulder",75 to 110 pounds,8 to 11 years
Scottish Terrier,https://dogtime.com/dog-breeds/scottish-terrier,3,4,2,4,3,4,3,4,5,4,4,4,2,2,1,2,4,3,2,3,1,4,3,3,4,5,4,4,4,4,4,Terrier Dogs,Up to 10 inches tall at the shoulder,18 to 22 pounds,11 to 13 years
Sealyham Terrier,https://dogtime.com/dog-breeds/sealyham-terrier,4,4,4,4,2,4,3,4,4,4,4,3,3,4,3,1,5,3,2,3,3,4,2,2,2,3,4,4,2,4,4,Terrier Dogs,Up to 10 inches tall at the shoulder,22 to 24 pounds,12 to 14 years
Sheepadoodle,https://dogtime.com/dog-breeds/sheepadoodle,4,4,4,5,2,4,3,5,5,5,4,4,3,1,1,3,4,4,4,3,3,5,3,1,2,2,4,4,3,4,5,Mixed Breed Dogs,16 to 22 inches,60 to 80 pounds,12 to 15 years
Shepsky,https://dogtime.com/dog-breeds/shepsky,3,1,1,4,2,4,3,4,5,4,3,4,3,4,2,3,4,2,4,4,4,5,4,4,3,2,5,5,4,5,5,Mixed Breed Dogs,20 to 25 inches,45 to 88 pounds ,10 to 14 years 
Shetland Sheepdog,https://dogtime.com/dog-breeds/shetland-sheepdog,3,2,3,5,2,4,3,5,5,5,4,5,3,5,1,2,4,3,1,3,5,5,1,3,1,2,4,4,2,4,4,Herding Dogs,"1 foot, 1 inch to 1 foot, 4 inches tall at the shoulder",Starts at 20 pounds,12 to 15 years
Shiba Inu,https://dogtime.com/dog-breeds/shiba-inu,4,5,4,3,5,4,3,3,4,3,3,3,3,4,1,4,3,2,2,4,2,4,4,3,4,4,3,4,2,3,3,Companion Dogs,"1 foot, 1 inch to 1 foot, 5 inches tall at the shoulder",17 to 23 pounds,12 to 16 years
Shichon,https://dogtime.com/dog-breeds/shichon,3,5,4,4,1,2,2,5,5,5,4,4,3,1,1,4,4,3,2,2,3,4,1,1,2,1,4,4,2,3,5,Mixed Breed Dogs,9 to 12 inches,9 to 15 pounds,12 to 18 years
Shih-Poo,https://dogtime.com/dog-breeds/shih-poo,3,5,2,4,2,3,2,4,5,3,2,4,2,1,1,2,3,4,1,3,2,4,3,2,2,2,3,3,1,2,4,Mixed Breed Dogs,8 to 18 inches ,8 to 18 pounds ,13 to 17+ years 
Shih Tzu,https://dogtime.com/dog-breeds/shih-tzu,3,5,5,3,3,3,1,5,5,4,4,5,2,3,1,1,3,4,1,3,3,4,4,4,2,2,3,2,3,2,4,Companion Dogs,9 to 10 inches tall at the shoulder,9 to 16 pounds,10 to 16 years
Shiranian,https://dogtime.com/dog-breeds/shiranian,3,4,4,4,2,2,1,4,5,3,3,4,2,2,2,2,2,3,2,2,2,4,1,1,2,2,3,2,3,2,4,Mixed Breed Dogs,7 to 12 inches,4 to 16 pounds ,12 to 16 years
Shollie,https://dogtime.com/dog-breeds/shollie,3,1,2,3,2,4,4,3,4,4,3,2,3,4,2,3,3,4,4,4,4,4,3,3,3,4,4,5,4,4,4,Mixed Breed Dogs,21 to 29 inches,70 to 80 pounds,13 to 15 years
Shorkie,https://dogtime.com/dog-breeds/shorkie,3,5,3,3,1,2,2,3,4,3,2,3,2,2,1,4,2,3,1,3,2,3,2,4,4,3,4,4,3,2,5,Mixed Breed Dogs,6 to 14 inches,5 to 15 pounds ,11 to 16 years 
Siberian Husky,https://dogtime.com/dog-breeds/siberian-husky,3,2,1,4,1,5,3,5,5,5,5,5,3,3,3,2,4,2,3,4,2,3,4,3,5,5,5,5,3,5,5,Working Dogs,"1 foot, 8 inches to 1 foot, 11 inches tall at the shoulder",35 to 60 pounds,12 to 15 years
Silken Windhound,https://dogtime.com/dog-breeds/silken-windhound,4,4,4,4,2,4,4,4,5,4,3,4,3,2,2,4,4,2,3,4,5,4,3,5,1,4,4,4,2,4,5,Hound Dogs,18 to 23.5 inches,20 to 55 pounds,14 to 20 years
Silky Terrier,https://dogtime.com/dog-breeds/silky-terrier,3,5,3,3,3,1,4,3,4,3,2,3,3,2,1,4,4,3,1,4,4,4,2,5,4,3,4,4,4,3,4,Companion Dogs,9 inches to 10 inches tall at the shoulder,8 to 10 pounds,12 to 15 years
Skye Terrier,https://dogtime.com/dog-breeds/skye-terrier,4,4,4,3,2,4,4,4,4,4,2,5,3,3,1,3,5,3,2,4,2,4,3,4,4,4,4,3,4,3,4,Terrier Dogs,9 inches to 10 inches tall at the shoulder,25 to 40 pounds,12 to 14 years
Sloughi,https://dogtime.com/dog-breeds/sloughi,3,4,2,4,3,2,3,4,5,5,4,3,3,3,1,5,3,2,4,3,3,4,3,5,2,3,4,5,3,5,3,Hound Dogs,"2 feet to 2 feet, 5 inches tall at the shoulder",40 to 63 pounds,12 to 16 years
Small Munsterlander Pointer,https://dogtime.com/dog-breeds/small-munsterlander-pointer,3,1,2,3,4,5,3,5,5,5,5,4,3,3,1,3,5,3,3,4,5,5,3,5,3,4,5,4,5,5,4,Sporting Dogs,"1 foot, 7 inches to 1 foot, 10 inches tall at the shoulder",40 to 60 pounds,12 to 14 years
Soft Coated Wheaten Terrier,https://dogtime.com/dog-breeds/soft-coated-wheaten-terrier,3,5,4,4,2,2,3,5,5,5,5,5,3,2,1,3,4,3,3,3,4,4,2,3,3,4,4,4,3,4,5,Terrier Dogs,"1 foot, 5 inches to 1 foot, 7 inches tall at the shoulder",30 to 40 pounds,12 to 15 years
Spanish Mastiff,https://dogtime.com/dog-breeds/spanish-mastiff,3,2,1,3,3,4,3,3,4,4,2,2,3,3,2,3,4,3,5,2,2,4,2,1,1,2,3,3,2,3,4,Working Dogs,26 to 35 inches,140 to 220 pounds,10 to 12 years
Spinone Italiano,https://dogtime.com/dog-breeds/spinone-italiano,4,4,4,5,2,4,3,5,5,5,5,5,3,3,4,2,3,2,4,3,4,4,2,4,2,2,4,4,2,4,4,Sporting Dogs,22 to 28 inches,61 to 86 pounds,10 to 14 years
Springador,https://dogtime.com/dog-breeds/springador,3,2,3,4,1,4,4,3,4,3,3,3,3,1,2,4,4,4,4,4,5,5,2,4,3,4,4,4,3,4,4,Mixed Breed Dogs,18 to 24 inches,50 to 90 pounds,10 to 14 years
Stabyhoun,https://dogtime.com/dog-breeds/stabyhoun,3,2,3,4,3,2,2,4,5,5,4,3,3,3,1,3,5,3,3,4,5,5,1,4,3,3,4,3,4,4,5,Sporting Dogs,"1 foot, 7 inches to 1 foot, 8 inches tall at the shoulder",45 to 50 pounds,13 to 14 years
Staffordshire Bull Terrier,https://dogtime.com/dog-breeds/staffordshire-bull-terrier,2,3,1,4,2,3,1,4,5,5,1,5,3,3,3,5,3,4,2,3,2,3,2,2,3,4,4,3,3,4,5,Terrier Dogs,"1 foot, 2 inches to 1 foot, 4 inches tall at the shoulder",24 to 38 pounds,12 to 14 years
Standard Schnauzer,https://dogtime.com/dog-breeds/standard-schnauzer,3,4,2,4,2,4,4,3,4,4,3,2,2,1,1,2,5,1,3,4,3,5,3,5,2,5,5,5,3,5,5,Working Dogs,"1 foot, 5 inches to 1 foot, 8 inches tall at the shoulder",30 to 50 pounds,13 to 16 years
Sussex Spaniel,https://dogtime.com/dog-breeds/sussex-spaniel,4,5,5,5,1,5,5,5,5,5,5,5,3,3,1,4,4,5,2,3,3,5,2,1,4,1,2,2,1,2,4,Sporting Dogs,"1 foot, 1 inch to 1 foot, 3 inches tall at the shoulder",35 to 45 pounds,11 to 14 years
Swedish Vallhund,https://dogtime.com/dog-breeds/swedish-vallhund,3,3,1,3,3,4,3,4,5,4,3,5,4,4,1,5,4,4,3,3,5,5,2,4,1,3,5,5,3,5,5,Herding Dogs,"11 inches to 1 foot, 1 inch tall at the shoulder",22 to 35 pounds,12 to 15 years
Terripoo,https://dogtime.com/dog-breeds/terripoo,3,5,5,2,1,3,4,4,5,4,3,3,2,1,1,3,3,3,1,4,4,5,2,4,3,3,4,5,3,4,5,Mixed Breed Dogs,9 to 15 inches,10 to 14 pounds,10 to 15 years
Texas Heeler,https://dogtime.com/dog-breeds/texas-heeler,3,2,3,3,3,4,3,3,4,3,3,3,3,4,2,3,3,5,3,4,3,5,4,3,2,4,4,5,3,5,4,Mixed Breed Dogs,16 to 22 inches,25 to 50 pounds,12 to 15 years
Tibetan Mastiff,https://dogtime.com/dog-breeds/tibetan-mastiff,3,1,1,5,1,5,2,4,5,5,5,2,3,2,2,4,3,4,5,3,1,5,5,3,2,3,3,4,2,2,5,Working Dogs,"2 feet to 2 feet, 2 inches tall at the shoulder",75 to 160 pounds,10 to 14 years
Tibetan Spaniel,https://dogtime.com/dog-breeds/tibetan-spaniel,3,5,4,5,1,1,2,4,5,5,4,3,3,3,1,4,5,3,1,4,4,4,3,3,4,3,4,3,3,4,4,Companion Dogs,From 10 inches tall at the shoulder,9 to 15 pounds,12 to 15 years
Tibetan Terrier,https://dogtime.com/dog-breeds/tibetan-terrier,4,5,3,4,1,4,4,4,5,5,4,3,2,1,1,1,5,3,2,3,4,4,2,2,2,3,5,5,4,5,5,Companion Dogs,"1 foot, 2 inches to 1 foot, 4 inches tall at the shoulder",20 to 24 pounds,12 to 15 years
Toy Fox Terrier,https://dogtime.com/dog-breeds/toy-fox-terrier,3,5,3,4,1,2,3,4,5,4,3,3,3,4,1,5,5,2,1,4,3,4,2,5,4,4,5,5,4,5,5,Companion Dogs,8 to 11 inches at the shoulder,3 to 7 pounds,13 to 14 years
Treeing Tennessee Brindle,https://dogtime.com/dog-breeds/treeing-tennessee-brindle,2,1,2,3,2,3,3,4,4,4,4,3,4,4,3,5,4,3,3,3,3,4,3,4,1,1,4,4,4,5,3,Hound Dogs,"1 foot, 4 inches to 2 feet tall at the shoulder",30 to 45 pounds,10 to 12 years
Treeing Walker Coonhound,https://dogtime.com/dog-breeds/treeing-walker-coonhound,3,1,2,5,2,3,3,4,4,4,3,3,4,3,2,5,4,3,4,4,2,4,3,4,5,5,4,4,4,5,3,Hound Dogs,"1 foot, 8 inches to 2 feet, 3 inches tall at the shoulder",45 to 80 pounds,12 to 13 years
Valley Bulldog,https://dogtime.com/dog-breeds/valley-bulldog,3,4,3,4,2,1,1,4,5,4,3,4,4,4,3,5,3,4,4,3,3,3,2,3,4,1,4,4,4,4,4,Mixed Breed Dogs,12 to 25 inches,50 to 125 pounds ,8 to 12 years
Vizsla,https://dogtime.com/dog-breeds/vizsla,3,1,3,5,1,1,4,5,5,5,5,5,3,2,1,5,4,2,3,4,5,4,4,2,5,5,5,5,4,5,5,Sporting Dogs,"1 foot, 9 inches to 2 feet tall at the shoulder",45 to 65 pounds,10 to 14 years
Weimaraner,https://dogtime.com/dog-breeds/weimaraner,3,1,2,5,1,3,4,4,5,4,3,3,4,4,4,5,3,2,4,4,4,5,5,5,2,5,5,5,5,5,5,Sporting Dogs,"1 foot, 11 inches to 2 feet, 3 inches tall at the shoulder",55 to 85 pounds,11 to 13 years
Welsh Springer Spaniel,https://dogtime.com/dog-breeds/welsh-springer-spaniel,4,4,4,5,1,4,4,4,5,5,4,3,3,3,1,4,4,4,3,4,5,5,3,3,5,5,5,5,4,5,4,Sporting Dogs,"1 foot, 5 inches to 1 foot, 7 inches tall at the shoulder",35 to 55 pounds,10 to 15 years
Welsh Terrier,https://dogtime.com/dog-breeds/welsh-terrier,3,3,3,3,2,2,2,5,4,5,5,4,3,2,1,2,5,3,2,4,3,5,2,5,4,4,5,5,5,5,5,Terrier Dogs,"1 foot, 2 inches to 1 foot, 3 inches tall at the shoulder",Up to 20 pounds,10 to 14 years
West Highland White Terrier,https://dogtime.com/dog-breeds/west-highland-white-terrier,4,4,4,4,2,4,3,4,5,4,5,3,3,4,1,3,3,4,2,4,4,4,2,4,4,3,4,4,4,4,4,Terrier Dogs,10 inches to 11 inches tall at the shoulder,13 to 22 pounds,12 to 16 years
Westiepoo,https://dogtime.com/dog-breeds/westiepoo,3,3,4,4,1,3,3,4,4,4,4,4,3,1,1,5,4,4,2,4,4,4,3,4,3,3,4,4,4,4,5,Mixed Breed Dogs,11 to 17 inches,20 to 35 pounds,12 to 15 years
Whippet,https://dogtime.com/dog-breeds/whippet,3,5,3,5,2,1,4,5,5,5,4,4,3,2,1,5,4,1,3,4,4,4,4,5,1,4,4,5,2,5,5,Hound Dogs,"1 foot, 6 inches to 1 foot, 10 inches tall at the shoulder",18 to 48 pounds,12 to 15 years
Whoodle,https://dogtime.com/dog-breeds/whoodle,3,4,1,3,1,4,2,4,4,4,3,4,3,2,1,3,4,2,3,2,2,4,1,2,1,3,4,4,4,4,4,Mixed Breed Dogs,12 to 20 inches,20 to 45 pounds,12 to 15 years
Wirehaired Pointing Griffon,https://dogtime.com/dog-breeds/wirehaired-pointing-griffon,3,1,3,4,1,4,3,5,5,5,4,5,3,1,1,3,4,3,3,4,5,5,3,4,4,4,4,5,3,4,5,Sporting Dogs,"1 foot, 8 inches to 2 feet tall at the shoulder",50 to 60 pounds,10 to 14 years
Xoloitzcuintli,https://dogtime.com/dog-breeds/xoloitzuintli,3,5,1,5,1,3,3,3,5,3,2,1,4,5,1,5,5,3,3,4,3,5,3,5,5,5,3,3,3,3,3,Companion Dogs,"1 foot, 6 inches to 1 foot, 11 inches tall at the shoulder",10 to 50 pounds,14 to 20 years
Yorkipoo,https://dogtime.com/dog-breeds/yorkipoo,4,5,5,4,3,2,3,4,5,4,3,2,2,1,1,4,3,2,1,4,4,4,3,3,5,2,4,5,3,3,4,Hybrid Dogs,"7 inches to 1 foot, 3 inches tall at the shoulder",3 to 14 pounds,10 to 15 years
Yorkshire Terrier,https://dogtime.com/dog-breeds/yorkshire-terrier,3,5,4,5,2,2,2,3,4,2,3,2,2,2,1,1,4,2,1,3,3,3,2,2,3,3,5,5,4,4,5,Companion Dogs,8 inches to 9 inches tall at the shoulder,4 to 6 pounds,12 to 15 years
